substrate,tf,alpha
AAC1,ASH1,0.013480
AAC1,FHL1,0.030949
AAC1,MSN2,0.059684
AAC1,SOK2,0.223687
AAD10,SOK2,0.198444
AAD10,STE12,0.183809
AAD16,YAP1,0.158188
AAD4,YAP1,0.103526
AAT2,ABF1,0.970622
AAT2,GCN4,0.659769
ABF2,MCM1,2.069067
ABF2,SWI4,1.282418
ABP1,STE12,3.802802
ABP1,TYE7,2.018161
ABP140,YOX1,1.181444
ACB1,ABF1,7.363148
ACB1,MSN2,4.319183
ACB1,STE12,11.671366
ACC1,INO4,9.360671
ACC1,MSN2,1.034527
ACE2,FKH2,0.560648
ACE2,INO4,0.358214
ACH1,FLO8,0.535625
ACH1,MSN2,0.521647
ACH1,SOK2,0.156736
ACM1,MBP1,0.082695
ACM1,SWI4,0.181609
ACM1,YHP1,0.070473
ACO1,CIN5,0.615748
ACO1,YAP1,2.561755
ACO2,GCN4,0.072730
ACP1,ABF1,3.374446
ACP1,MSN2,3.274328
ACS1,ABF1,0.052996
ACS1,RAP1,0.120410
ACS1,SOK2,0.091731
ACS1,STE12,0.228170
ACS2,HAP1,8.052725
ACT1,REB1,38.015196
ADA2,FHL1,0.774774
ADA2,IFH1,23.094620
ADA2,STE12,24.763127
ADA2,TEC1,3.152757
ADD37,STE12,0.521122
ADD66,GCN4,0.064241
ADE1,BAS1,3.579978
ADE1,PHO2,0.764238
ADE1,TEC1,0.831515
ADE13,BAS1,2.734170
ADE16,BAS1,1.796693
ADE16,CIN5,1.015820
ADE16,RAP1,2.118375
ADE17,BAS1,0.258179
ADE17,YAP1,0.441254
ADE2,AFT1,0.605489
ADE3,GCN4,0.276611
ADE3,MET32,0.678697
ADE4,BAS1,0.578668
ADE4,PHO2,0.026347
ADE4,YRM1,2.051225
ADE5_7,BAS1,-0.313212
ADE5_7,GCN4,0.341161
ADE6,BAS1,10.830657
ADE8,ABF1,1.110276
ADE8,BAS1,0.969782
ADE8,RAP1,0.696929
ADH1,ABF1,31.519842
ADH1,GCR1,8.276982
ADH1,GCR2,50.628316
ADH3,ABF1,4.174357
ADH3,CRZ1,5.052081
ADH4,ABF1,0.302633
ADH4,TYE7,0.225281
ADH5,CIN5,0.437263
ADH5,GCN4,0.023406
ADH6,YAP1,4.332530
ADI1,MET32,0.408256
ADI1,MSN2,0.130832
ADI1,SOK2,0.725362
ADR1,FHL1,0.194621
ADR1,MSN2,0.158319
ADR1,STE12,0.231753
ADY3,YRM1,0.359799
ADY4,STE12,0.287312
ADY4,TEC1,0.090314
AEP3,HSF1,0.191758
AFG1,YAP1,0.672740
AFG2,ACE2,0.420660
AFG2,BAS1,0.267023
AFG2,NRG1,1.343711
AFG3,SOK2,1.538351
AFR1,RLM1,0.542956
AFR1,STE12,0.639109
AFT1,AFT2,4.328765
AFT2,YAP1,0.111506
AGA1,MCM1,0.863949
AGA1,MOT3,0.438704
AGA1,STE12,1.396336
AGA1,SWI4,0.626355
AGA2,STE12,1.808205
AGA2,TEC1,0.506118
AGP1,ASH1,0.051926
AGP1,DAL81,0.951875
AHA1,GCN4,0.244770
AHA1,STE12,0.188447
AHC1,RAP1,0.675374
AHC1,SOK2,0.241865
AHC2,RPN4,1.829166
AHP1,HSF1,40.820076
AHP1,YAP1,37.494533
AIF1,YAP1,0.211062
AIM10,STE12,0.568351
AIM11,MSN2,0.597153
AIM13,YRM1,1.064298
AIM17,CAD1,0.257213
AIM17,MSN2,0.025213
AIM17,OAF1,0.070877
AIM17,PDR1,0.287160
AIM18,STE12,0.431802
AIM19,CBF1,1.229887
AIM2,SOK2,1.924756
AIM20,ASH1,0.097950
AIM21,SWI5,1.837184
AIM22,STE12,0.691347
AIM29,CIN5,0.474404
AIM29,MSN2,1.058995
AIM29,STE12,1.362758
AIM37,SOK2,0.626786
AIM44,ACE2,1.749130
AIM46,PUT3,2.978925
AIM7,CIN5,1.986208
AIM7,ZAP1,3.470086
AIM9,ACE2,1.528883
AIP1,RAP1,1.672544
AIR1,STE12,1.195765
AKR1,AFT1,2.468772
ALD2,STE12,0.918965
ALD3,CAD1,0.461778
ALD3,MSN2,0.034616
ALD4,PDR1,0.388294
ALD4,RAP1,1.222404
ALD5,CIN5,1.284211
ALD5,GCN4,0.101511
ALD5,PHO4,0.743151
ALD5,SOK2,0.567218
ALD5,STE12,1.067633
ALD5,YAP1,0.170501
ALD6,GCN4,2.648375
ALD6,SOK2,2.211650
ALD6,YAP1,-13.279726
ALF1,ABF1,0.233232
ALF1,STE12,0.563843
ALG13,RPN4,0.527036
ALG13,STE12,0.090627
ALG14,ASH1,0.110047
ALG14,CIN5,0.503546
ALG14,MBP1,0.210447
ALG3,RAP1,1.157720
ALG5,RAP1,1.126508
ALO1,MSN2,6.656892
ALR2,STE12,0.444866
ALT1,CIN5,3.172241
ALT2,ADR1,1.303049
ALT2,MSN2,1.548692
ALY2,TEC1,0.546858
AMN1,ACE2,1.916158
ANB1,MOT3,0.235612
ANB1,STE12,0.050695
ANP1,ABF1,1.438880
ANT1,ABF1,1.225624
APA1,HSF1,1.254165
APA2,STE12,0.729571
APC2,BAS1,0.473944
APD1,MSN2,3.335156
APE2,RAP1,0.888107
APE2,STE12,1.294545
APE2,TEC1,0.017851
APJ1,MSN2,0.433069
APL2,ABF1,1.344917
APL3,STE12,0.472076
APL3,TEC1,0.125120
APL4,UME6,1.378372
APL5,AFT1,1.054549
APP1,CBF1,4.086455
APT2,ABF1,0.102882
APT2,TUP1,0.790785
AQR1,GCN4,0.047871
AQR1,NRG1,0.036469
AQR1,SOK2,0.388774
ARB1,HSF1,5.301673
ARC19,PDR3,7.960064
ARD1,SOK2,2.365736
ARE2,RAP1,0.028918
ARE2,TEC1,0.373750
ARE2,YAP1,0.385239
ARF1,RAP1,14.293785
ARF2,MSN2,18.947213
ARF3,MCM1,0.747704
ARG1,ARG81,2.571726
ARG1,GCN4,0.350564
ARG2,GCN4,0.030553
ARG3,ASH1,0.002724
ARG3,GCN4,0.042474
ARG4,GCN4,0.270546
ARG5_6,GCN4,0.123318
ARG5_6,LEU3,0.137010
ARG5_6,YAP1,0.057259
ARG7,GCN4,0.166455
ARG8,GCN4,0.101112
ARI1,CIN5,0.873404
ARI1,SOK2,1.240943
ARI1,YOX1,0.083563
ARN1,AFT1,0.511983
ARN2,AFT1,0.598084
ARO1,GCN4,0.181724
ARO1,RPN4,0.264358
ARO2,GCN4,0.522366
ARO3,GCN4,0.077735
ARO4,GCN4,0.617252
ARO4,SOK2,0.872502
ARO7,DIG1,1.555724
ARO7,SOK2,1.302019
ARO8,GCN4,0.464968
ART10,STE12,0.746552
ASC1,IFH1,29.139302
ASC1,RAP1,25.049067
ASE1,ABF1,0.307423
ASE1,MCM1,0.060102
ASE1,YAP1,0.003745
ASF1,MSN2,2.150948
ASF1,YHP1,0.038701
ASF2,GCN4,0.030548
ASG7,STE12,2.209353
ASH1,ACE2,2.462974
ASH1,MBP1,-0.019042
ASH1,SOK2,-0.701784
ASK1,CIN5,0.345660
ASK1,OAF1,1.217739
ASK1,OAF3,0.549004
ASK10,RAP1,0.931835
ASM4,STE12,1.219114
ASN1,GCN4,0.331879
ASN2,GCN4,0.966412
ASP1,ABF1,4.379979
ATC1,GLN3,1.382683
ATF1,RAP1,0.170608
ATF1,SPT23,0.302975
ATF1,SWI4,0.243785
ATF2,FHL1,0.761400
ATF2,SOK2,0.515403
ATG11,SOK2,0.342742
ATG11,STE12,0.395276
ATG13,GCN4,0.022366
ATG19,HSF1,0.179997
ATG19,RPN4,0.213904
ATG22,YRM1,0.647052
ATG26,RAP1,0.744063
ATG33,GCN4,0.065775
ATG34,STE12,0.313427
ATG8,UME6,0.349281
ATH1,GCN4,0.013615
ATH1,STE12,0.164153
ATM1,CBF1,3.880220
ATO3,ABF1,1.149606
ATO3,SOK2,1.767449
ATO3,STE12,0.044771
ATP1,HAP2,11.398078
ATP14,HAP2,0.244277
ATP14,SOK2,0.971239
ATP15,HAP2,7.625235
ATP16,CIN5,2.163285
ATP16,MBP1,0.928704
ATP16,PHO4,1.552456
ATP17,ARO80,2.522856
ATP18,RDS2,6.985388
ATP2,HAP2,11.070896
ATP2,RDS2,2.915719
ATP20,HAP2,2.493218
ATP25,BAS1,0.277282
ATP25,STE12,0.328105
ATP3,HAP5,3.539368
ATP7,GCN4,0.164539
ATP7,RAP1,0.102406
ATR1,GCN4,0.078966
ATR1,PHD1,0.424633
ATR1,YAP1,-0.267093
ATX1,CBF1,2.767233
ATX1,PUT3,1.457445
AUS1,STE12,0.233305
AUS1,SUM1,0.120933
AVL9,STE12,0.227469
AVL9,UME6,0.778882
AVT1,CIN5,5.393770
AVT4,RAP1,0.808142
AVT6,RAP1,0.416491
AVT6,STE12,0.533438
AVT7,YRM1,3.237655
AXL2,STE12,0.264936
AXL2,TEC1,0.594014
AXL2,YOX1,-0.086342
BAP2,GCN4,0.290868
BAP2,SOK2,0.646231
BAP3,ABF1,1.503119
BAP3,RAP1,1.247869
BAP3,STP1,0.863927
BAR1,MCM1,0.295601
BAR1,STE12,0.353303
BAR1,SWI5,0.691390
BAR1,TEC1,0.373397
BAT1,PHD1,12.568450
BAT2,ABF1,1.293000
BAT2,ACE2,0.996579
BAT2,CIN5,1.824659
BAT2,SKN7,0.589117
BBC1,RAP1,1.670553
BBP1,STE12,0.609382
BCH2,STE12,0.929665
BCP1,YAP1,0.874091
BCY1,RAP1,1.047048
BCY1,UME6,0.664078
BDF1,CIN5,2.024793
BDF2,ABF1,2.192833
BDH1,ABF1,0.994150
BDH1,BAS1,1.002675
BDH1,MSN2,0.504724
BDH2,ABF1,0.061385
BDH2,MET32,0.138737
BDH2,PDR1,0.077260
BDH2,STE12,0.123219
BDS1,HCM1,0.319496
BDS1,MET32,0.452255
BDS1,MET4,0.209717
BEM2,LEU3,1.103646
BEM2,STE12,1.116102
BEM2,SWI5,1.219190
BEM2,TEC1,0.746170
BEM4,CIN5,0.914169
BER1,SKO1,1.492821
BIO2,SOK2,1.449171
BIR1,ABF1,0.575369
BLI1,IXR1,0.996792
BMH1,GCR1,23.424912
BMH2,RAP1,7.321004
BNA1,GCN4,0.051315
BNA1,SUM1,0.362422
BNA1,TEC1,0.514149
BNA2,SUM1,0.168444
BNA3,FLO8,0.652543
BNA3,MCM1,0.260528
BNA3,MET31,0.427755
BNA3,MET32,0.503577
BNA4,YHP1,0.721550
BNA5,ABF1,0.173881
BNA5,RAP1,0.484653
BNR1,STE12,0.958789
BNS1,CIN5,0.204828
BNS1,STE12,0.450692
BOI1,STE12,0.967011
BOS1,YRM1,1.594510
BPH1,YOX1,0.332453
BPT1,TEC1,1.284896
BRX1,ABF1,1.747405
BRX1,DAL82,2.265289
BSC2,HSF1,0.523982
BSC6,RAP1,0.494884
BSP1,PDR1,0.423624
BUB2,FHL1,0.561870
BUB3,HSF1,0.244703
BUD19,STE12,0.391719
BUD20,RAP1,1.225164
BUD20,YAP1,0.881493
BUD20,YOX1,0.211379
BUD21,ABF1,1.140050
BUD22,RAP1,0.981362
BUD26,STE12,0.342506
BUD27,ABF1,0.303435
BUD27,PDR1,0.000971
BUD27,RAP1,0.197529
BUD27,REB1,0.154484
BUD3,YAP1,0.487786
BUD4,ASH1,-0.070247
BUD4,STE12,2.523856
BUD7,CBF1,1.607125
BUD7,TEC1,0.238422
BUD9,ACE2,1.157913
BUD9,FKH1,-0.168358
BUD9,MBP1,-0.114487
BUD9,SOK2,-0.014935
BUR6,MCM1,2.646903
BUR6,MSN2,1.533399
BUR6,YOX1,0.491753
BYE1,ABF1,0.378417
CAB2,MSN2,1.808259
CAB4,STB1,1.265503
CAF120,RAP1,0.003640
CAF120,STE12,0.475554
CAF16,GCN4,0.062990
CAF20,SKN7,5.576242
CAF40,RAP1,0.294479
CAF40,STE12,0.769089
CAJ1,CIN5,4.412934
CAM1,PHD1,15.044967
CAN1,GCN4,0.045017
CAP1,MSS11,2.736365
CAP1,PDR3,0.180931
CAP1,SKO1,2.820106
CAR1,GCN4,0.334737
CAR1,MCM1,-0.765722
CAR1,SWI4,0.306705
CAR2,ARG81,0.137097
CAR2,MCM1,0.130041
CAR2,RAP1,1.219404
CAT2,UME6,0.460180
CBF1,PHO4,0.500273
CBF2,CIN5,0.501742
CBF2,STE12,0.556637
CBP3,MSN2,0.861539
CBP3,SKO1,0.693336
CCA1,STE12,1.253709
CCC2,AFT1,0.276381
CCC2,RPN4,0.401806
CCE1,DAL81,0.542333
CCH1,RAP1,0.398973
CCH1,STE12,0.364562
CCL1,STE12,0.501709
CCM1,FHL1,1.080629
CCP1,YAP1,1.806315
CCS1,YAP1,2.121342
CCT4,HIR2,5.227584
CCW12,FLO8,8.490079
CCW12,RAP1,46.367015
CCW12,SOK2,24.704338
CCW12,TEC1,31.883587
CCW12,YAP1,30.096218
CCW14,ABF1,6.078372
CCW14,RAP1,2.705141
CCW14,RLM1,2.188703
CCW14,YRM1,0.076198
CDC14,STE12,1.431745
CDC16,ABF1,0.368137
CDC16,STE12,0.293066
CDC19,ABF1,17.948166
CDC19,GCR1,13.638599
CDC19,GCR2,28.521711
CDC19,MSN2,3.455520
CDC20,ABF1,0.235147
CDC20,PDR1,0.561193
CDC20,YOX1,-0.024025
CDC21,MBP1,0.141507
CDC21,SWI4,0.292168
CDC24,STE12,1.330368
CDC24,TEC1,0.298156
CDC26,ACE2,0.215385
CDC26,MSN2,0.560783
CDC3,YRM1,2.014219
CDC34,ASH1,-0.023622
CDC34,STE12,0.932825
CDC39,RPN4,0.443914
CDC42,ABF1,2.801293
CDC45,MBP1,0.017079
CDC45,SWI6,0.256072
CDC48,MSN2,4.295510
CDC48,RAP1,8.090350
CDC5,MCM1,0.957906
CDC5,YOX1,0.183957
CDC53,MSN2,2.194712
CDC6,GCR2,0.187999
CDC6,MBP1,0.069578
CDC6,TEC1,-0.007412
CDC60,SOK2,2.578736
CDC60,UME6,2.944777
CDC7,ABF1,0.257313
CDS1,ABF1,0.288953
CDS1,INO4,0.874701
CEM1,BAS1,0.243121
CEM1,YAP1,0.061289
CEX1,RAP1,0.658907
CFD1,ABF1,0.579912
CFT1,RAP1,0.726150
CFT1,STE12,0.092991
CHA1,ABF1,6.750694
CHA1,PHO4,0.327012
CHC1,MSN2,4.915974
CHO1,INO4,6.245719
CHO2,ABF1,2.535547
CHO2,HSF1,2.971041
CHO2,RAP1,2.497807
CHS1,SOK2,0.244668
CHS1,SWI4,0.212605
CHS1,SWI5,3.064137
CHS2,FKH2,1.371452
CHS3,STE12,3.013930
CHS5,ABF1,3.210722
CHS7,RAP1,0.506597
CHS7,STE12,1.746777
CHS7,TEC1,0.614864
CIC1,PHO4,4.222263
CIK1,ABF1,0.313052
CIK1,STE12,0.560881
CIN1,SKN7,0.282273
CIN1,STE12,0.053350
CIN1,TEC1,0.051278
CIN2,MBP1,0.016331
CIN2,STE12,0.435719
CIN4,GCN4,0.037444
CIN5,YAP1,0.152853
CIN8,HCM1,0.521666
CIS3,PHD1,12.405516
CIS3,RAP1,0.110133
CIS3,SWI6,18.037413
CIS3,TEC1,2.035477
CIT1,CBF1,0.409475
CIT1,HAP3,2.851043
CIT1,MSN2,0.206903
CIT1,RTG3,1.636457
CIT2,MSN2,0.592852
CIT2,RPN4,2.007468
CKI1,INO4,0.455695
CKS1,GCR2,0.439378
CKS1,MSN2,0.288949
CLA4,TEC1,-0.247769
CLA4,YRM1,1.789212
CLB1,RAP1,0.438460
CLB1,SWI4,0.106475
CLB1,YAP1,0.008252
CLB1,YHP1,0.377114
CLB3,DAL82,0.114634
CLB3,YRM1,0.834274
CLB5,MBP1,0.049397
CLB5,SWI4,0.195621
CLB5,SWI6,0.346010
CLN1,TEC1,1.772024
CLN2,STE12,0.532124
CLN2,SWI4,1.375344
CLN3,MCM1,0.550142
CLN3,RAP1,0.425860
CLN3,SWI4,-0.243970
CMD1,CST6,0.572004
CMD1,RPN4,5.277815
CMK2,YAP1,0.646862
CMS1,RAP1,0.706476
COA4,STE12,1.004643
COG2,STE12,0.759076
COG3,STE12,1.293066
COG7,INO4,0.520359
COQ2,HAP1,1.927337
COQ6,MSN2,2.523329
COR1,GCN4,0.053057
COR1,YAP1,0.358837
COS12,RAP1,0.110190
COS12,STE12,0.199582
COS6,ABF1,0.042547
COS6,PDR1,0.121823
COS6,SWI4,0.109102
COS8,RAP1,0.117437
COS8,STE12,0.531279
COT1,AFT1,0.966544
COX11,IFH1,0.136288
COX11,RAP1,0.354861
COX12,CIN5,3.433203
COX13,STE12,3.924262
COX14,AFT1,0.908555
COX15,HAP1,3.845337
COX16,HAP2,1.302257
COX17,GCN4,0.130136
COX20,FHL1,0.824616
COX20,MSN2,0.715968
COX4,ADR1,1.587778
COX6,ABF1,0.378285
COX6,HAP3,0.425327
COX6,HAP5,0.138023
COX7,HAP2,2.693157
COX8,HAP2,4.084375
COX9,HAP2,10.521705
COY1,STE12,1.350904
CPA1,GCN4,0.266401
CPA2,GCN4,0.242381
CPR1,ABF1,14.841234
CPR1,HSF1,17.304250
CPR4,RAP1,0.910798
CPR5,ABF1,6.003085
CPR6,HSF1,1.659764
CPR8,STE12,1.302586
CPR8,SWI4,0.314051
CPS1,GLN3,1.547631
CRH1,ASH1,0.290354
CRH1,SOK2,1.164011
CRH1,TEC1,2.824454
CRM1,STE12,4.469435
CRM1,TEC1,1.043548
CRR1,AFT1,0.153189
CRR1,SUM1,0.064773
CRZ1,PHO4,0.191412
CRZ1,YRM1,0.952328
CSG2,MCM1,0.681930
CSG2,RAP1,0.798093
CSH1,ABF1,0.295025
CSI2,ASH1,0.078637
CSI2,SWI6,0.186177
CSI2,TEC1,0.034298
CSL4,MCM1,1.909476
CSM1,MSN2,0.961780
CSN9,GCR2,0.186666
CSN9,STE12,0.143539
CSR1,ABF1,0.424842
CSR1,AFT1,0.519175
CST6,STE12,1.290488
CTF4,STE12,0.566224
CTH1,SFP1,1.888942
CTK2,MSN2,0.875420
CTR1,MAC1,0.638089
CTR1,MSN2,0.129311
CTR2,MAC1,3.241887
CTS1,ACE2,1.194282
CTS1,FKH1,-2.028533
CTS1,STE12,3.248426
CTS1,SWI5,3.640444
CUE1,DAL82,4.414594
CUE2,SOK2,0.155470
CUE2,YAP1,0.087727
CUE4,ACE2,0.289233
CUE4,MBP1,0.015692
CUE4,SKN7,1.867389
CUR1,YAP1,0.412295
CUS1,ADR1,0.902755
CUS1,TEC1,0.292063
CWC2,YOX1,0.263877
CWH41,STE12,3.288077
CWH43,TEC1,3.037096
CWP1,RAP1,0.187187
CWP1,SWI4,1.345150
CWP1,SWI6,2.183591
CWP1,TEC1,2.078382
CWP2,DAL82,34.128606
CWP2,MBP1,40.082001
CWP2,PDR1,0.303120
CWP2,SKN7,1.778159
CWP2,SOK2,17.971176
CWP2,SWI4,27.537247
CWP2,SWI6,6.523799
CYB2,YRM1,0.752573
CYB5,HAP1,2.370213
CYC1,HAP5,0.454921
CYC1,YAP1,0.231616
CYC3,STE12,0.682451
CYC3,TUP1,1.046706
CYC7,CIN5,0.065154
CYC7,HAP1,0.387730
CYC7,ROX1,0.372161
CYK3,SWI5,2.364768
CYM1,MSN2,2.804248
CYR1,MSN2,1.315458
CYS3,MET28,1.160282
CYS3,YAP1,7.878620
CYS4,YAP1,3.056793
CYT1,CBF1,0.519737
CYT1,HAP3,0.977386
CYT1,STE12,0.537646
CYT2,YAP1,0.315670
DAK1,SKO1,5.645044
DAL2,DAL81,0.345090
DAL2,STE12,0.213609
DAL4,DAL81,0.148459
DAL4,STE12,0.209162
DAL4,TEC1,0.043300
DAL7,HSF1,0.131879
DAL7,LEU3,0.039800
DAL7,RAP1,0.080227
DAL7,TEC1,0.081299
DAL81,ABF1,0.502218
DAP1,CIN5,0.861534
DAP1,YAP1,0.599713
DAP2,RPN4,1.533008
DAS1,MAC1,0.974924
DAS2,BAS1,0.324205
DBF2,YOX1,0.178189
DBF20,GCN4,0.019689
DBP2,AFT1,5.737974
DBP7,STE12,0.895988
DBP8,ASH1,0.050493
DBP8,YAP1,0.314461
DBP9,ABF1,1.268375
DBP9,SWI5,0.649924
DCG1,GLN3,0.645850
DCS1,SPT23,0.852527
DCS2,PDR1,0.029835
DCS2,SOK2,0.144893
DCS2,YAP1,0.080251
DCW1,ABF1,4.343852
DDI1,ASH1,0.004849
DDI1,RPN4,0.777739
DDR2,RAP1,0.174864
DDR2,SOK2,-0.088886
DDR2,YAP1,0.172025
DDR48,SOK2,2.471838
DDR48,TEC1,0.857638
DDR48,YAP1,0.515269
DED81,GCN4,1.100519
DEF1,RPN4,2.616385
DFG10,ABF1,0.251053
DFM1,ABF1,1.092190
DFM1,PHO4,0.245709
DFR1,ABF1,0.635945
DHR2,ABF1,0.477071
DIA1,ABF1,0.182462
DIA1,YAP1,0.126163
DIC1,ADR1,8.980860
DIF1,RAP1,0.661885
DIF1,STE12,0.130171
DIG1,PHD1,0.377739
DIG1,SOK2,0.156160
DIG1,STE12,0.273524
DIN7,MBP1,0.003854
DIN7,SWI6,0.326031
DIP5,ASH1,0.025424
DIP5,PDR1,0.203749
DIP5,ROX1,0.216499
DIP5,SOK2,0.369335
DIP5,STP1,0.663687
DIS3,DAL82,3.716107
DJP1,STE12,0.863605
DLD1,CIN5,0.912919
DLD1,HAP1,1.592690
DLD1,MSN2,0.863902
DLD2,STE12,1.029397
DLD3,RAP1,1.965863
DLD3,SOK2,3.190103
DNM1,RAP1,0.497912
DNM1,YRM1,0.887178
DOA4,MSN2,0.558615
DOG1,ABF1,0.245978
DOM34,MSN2,2.534305
DOS2,DAL82,3.307162
DOT6,ABF1,0.743780
DOT6,MSN2,0.901228
DOT6,SOK2,0.117763
DPB2,MBP1,0.215558
DPL1,MCM1,2.004055
DPL1,STE12,1.764115
DPP1,ABF1,0.050299
DPP1,INO4,1.071196
DPS1,SKN7,16.443256
DRE2,YAP1,0.800810
DRS1,YRM1,2.214025
DRS2,STE12,1.528700
DSE1,ACE2,0.037741
DSE1,CIN5,0.047335
DSE1,STE12,0.461854
DSE2,ACE2,0.735943
DSE2,STE12,0.920111
DSE3,ACE2,1.717212
DSE3,YAP1,-0.239293
DSE4,ACE2,2.393692
DSE4,YOX1,-0.261302
DSF2,STE12,0.401967
DSF2,TEC1,0.204398
DSK2,RPN4,3.955284
DSN1,STE12,0.378326
DSS1,GCN4,0.015004
DSS4,ABF1,0.362835
DUG1,FKH1,5.924675
DUG3,MET32,0.335325
DUG3,RAP1,0.621084
DUN1,SWI6,0.293720
DUR1_2,DAL81,0.836586
DUR1_2,GLN3,0.523372
DUS3,RAP1,1.372568
DUS3,TEC1,0.091953
DYN1,FKH1,1.550212
EAP1,RAP1,0.363645
EAP1,STE12,0.290354
EAR1,RIM101,0.563603
EBP2,ABF1,2.666677
ECI1,OAF1,0.628240
ECL1,HSF1,0.075323
ECL1,SOK2,0.609755
ECM1,ADR1,2.934016
ECM1,YOX1,0.181291
ECM10,STE12,0.415763
ECM11,TEC1,0.611406
ECM22,ABF1,0.222832
ECM22,STE12,0.766145
ECM25,ABF1,0.511173
ECM3,MSN2,0.839511
ECM30,STE12,0.454207
ECM32,ACE2,0.002873
ECM32,GCN4,0.098065
ECM33,RAP1,12.095817
ECM33,STE12,13.406830
ECM33,TEC1,6.220021
ECM38,ASH1,0.058462
ECM38,SWI4,0.077161
ECM38,TUP1,0.027103
ECM38,YAP1,0.369220
ECM4,RGT1,0.072298
ECM4,YAP1,0.116190
ECM5,STE12,1.128680
EDC2,ABF1,0.253751
EDC2,HSF1,0.668963
EEB1,SOK2,0.548811
EFB1,ABF1,8.484498
EFB1,HSF1,8.225901
EFB1,RAP1,2.984144
EFT2,SOK2,30.686050
EGD1,RAP1,13.333229
EGD2,ACE2,6.299140
EGD2,ROX1,15.722543
EGT2,ACE2,2.418030
EGT2,RAP1,-0.596507
EGT2,SOK2,-0.039805
EGT2,YAP1,-0.058973
EHD3,STE12,1.429538
EHT1,YAP1,0.505600
EKI1,INO4,0.771249
ELO1,ASH1,0.277670
ELO1,GCR2,2.461483
ELO1,MBP1,0.122963
ELO1,SWI4,-0.730390
ELO1,SWI6,0.121341
ELP2,CBF1,7.317932
ELP3,SFP1,3.854363
EMG1,SWI4,3.326340
EMI1,MSN2,4.347979
EMI2,MSN2,0.176040
EMI2,PDR1,0.975950
EMI2,SOK2,0.110101
EMP47,TEC1,1.478795
ENA5,YRM1,1.263182
ENB1,AFT1,0.387831
ENB1,TUP1,1.546058
ENO1,CIN5,3.918446
ENO1,PDR1,1.640946
ENO1,RAP1,1.912373
ENO2,GCR2,58.686145
ENO2,HSF1,45.758640
ENO2,RAP1,46.797838
EPL1,MSN2,0.673115
EPT1,RAP1,0.720768
ERC1,PHO4,0.253137
ERC1,RAP1,0.094643
ERC1,TUP1,0.112546
ERG1,RAP1,4.319808
ERG11,SOK2,2.351952
ERG11,YAP1,2.861868
ERG12,REB1,0.111276
ERG12,YRM1,1.113729
ERG13,HAP1,2.286628
ERG13,RAP1,1.612550
ERG2,ECM22,2.741457
ERG2,HCM1,0.984305
ERG2,MOT3,3.316888
ERG20,INO4,5.607207
ERG24,DAL82,5.779852
ERG25,SOK2,6.091281
ERG25,STE12,0.297197
ERG25,TEC1,1.090393
ERG25,YAP1,2.102073
ERG27,PDR1,2.117061
ERG28,ECM22,0.708187
ERG28,SOK2,0.085827
ERG28,YAP1,0.122601
ERG3,ECM22,1.001141
ERG3,MCM1,1.027382
ERG4,ECM22,0.419046
ERG4,GCR1,0.683819
ERG4,RPN4,5.146432
ERG5,HAP1,0.661048
ERG5,SOK2,0.669377
ERG5,YAP1,0.401951
ERG6,ACE2,2.629529
ERG6,MSN2,10.710675
ERG8,CAD1,3.118260
ERG8,HAP1,3.206866
ERG9,HAP1,1.416219
ERG9,MSN2,3.503382
ERO1,YAP1,0.517303
ERP2,ABF1,1.253866
ERP2,MSN2,0.743566
ERP5,YHP1,1.916055
ERT1,STE12,0.366572
ERV14,MSN2,3.881319
ERV15,CIN5,0.755453
ERV25,ABF1,6.702386
ERV29,RAP1,1.943516
ERV46,ABF1,6.556828
ESBP6,ARO80,0.213691
ESBP6,GCN4,0.016086
ESC8,ABF1,0.238850
ESF1,ABF1,0.062848
ESF1,STE12,0.587589
ESF1,YRM1,2.271696
ESF2,SFP1,2.529004
EST3,STE12,0.686603
EUG1,HAC1,0.077444
EXG1,ACE2,2.781482
EXG1,SWI4,3.057033
EXG2,TEC1,1.723869
EXO5,ABF1,0.336487
FAA1,MSN2,0.297458
FAA1,RAP1,0.041101
FAA1,SPT23,2.150754
FAA3,ACE2,1.085053
FAA3,STE12,-0.056859
FAA4,SPT23,4.832720
FAF1,RAP1,1.320355
FAL1,RAP1,0.384015
FAP7,YAP1,0.860539
FAR1,MCM1,0.680728
FAR8,INO4,0.565647
FAS1,INO4,1.911021
FAS1,MSN2,0.695685
FAS1,OPI1,4.692935
FAS2,INO4,7.008756
FAS2,OPI1,5.567024
FAS2,RAP1,0.051488
FAT1,MCM1,1.147450
FAU1,SFP1,1.944061
FBA1,GCN4,8.549410
FBA1,TUP1,-4.155892
FCF1,ABF1,1.011003
FCF1,MSN2,0.362614
FCF2,ABF1,0.897385
FCF2,PUT3,0.720695
FCY2,MSN2,3.125064
FCY2,RAP1,0.779835
FCY2,TUP1,1.305034
FES1,HSF1,0.687391
FES1,MSN2,0.036050
FES1,SPT23,0.480370
FET3,AFT1,7.366795
FET3,STE12,2.026685
FET4,AFT1,0.116617
FET4,STE12,0.351366
FET4,TEC1,0.199476
FET5,AFT2,3.368964
FHN1,STE12,0.431802
FIG1,STE12,0.485166
FIG1,SUM1,0.370076
FIG1,TEC1,0.080635
FIG2,STE12,3.646454
FIG2,TEC1,0.203919
FIG4,MSN2,0.670484
FIN1,ABF1,0.238198
FIP1,ABF1,0.359426
FIP1,STE12,0.182574
FIR1,RAP1,0.387266
FIT2,AFT1,5.441264
FIT2,ASH1,-0.166215
FIT2,CIN5,0.808805
FIT3,AFT1,3.115259
FIT3,PUT3,0.991047
FKH2,RAP1,0.965182
FKS1,STE12,5.003998
FKS1,SWI4,7.959377
FLC1,MSN2,1.616471
FLC1,RAP1,0.342413
FLC2,BAS1,0.806310
FLC2,SOK2,1.144653
FLD1,STE12,0.915991
FLO8,STE12,0.393995
FLO8,TEC1,0.151441
FLR1,YAP1,0.229445
FMC1,NRG1,1.125584
FMP23,GCN4,0.017989
FMP25,YAP1,0.352458
FMP40,FHL1,0.451125
FMP40,STE12,0.446339
FMP43,AFT1,0.161734
FMP43,REB1,0.057783
FMP43,SKO1,0.016430
FMP52,ASH1,0.306283
FOB1,SWI5,0.789160
FOL1,MSS11,3.695465
FOL2,GCN4,0.134861
FOX2,ABF1,0.232687
FOX2,ADR1,0.062777
FOX2,OAF1,0.015671
FPK1,RAP1,0.335609
FPR1,YAP1,6.685763
FPR4,TEC1,6.329554
FPS1,MIG1,3.515595
FRE1,AFT1,0.400371
FRE1,RAP1,0.658311
FRE3,STE12,0.466711
FRE3,YOX1,0.087682
FRE6,AFT1,0.309728
FRE6,RAP1,0.353275
FRQ1,CST6,0.824199
FRQ1,ECM22,1.069602
FRS1,BAS1,3.924215
FRS1,PDR1,2.540341
FRS2,ACE2,1.015616
FRS2,TUP1,2.656042
FRS2,YRM1,2.299145
FRT1,STE12,0.498633
FRT1,TEC1,0.070673
FSF1,LEU3,4.691901
FSF1,MSN2,2.581483
FSH1,HSF1,0.483588
FSH1,SKO1,1.788143
FSH1,SOK2,0.526607
FSH2,STE12,1.393494
FSH3,RFX1,2.271998
FTH1,HSF1,0.670959
FTR1,AFT1,3.799525
FTR1,SOK2,0.662937
FTR1,TUP1,1.585184
FUI1,DAL81,1.035222
FUI1,RAP1,0.904627
FUN19,SOK2,0.681688
FUN26,MCM1,2.932909
FUN26,SWI5,0.499234
FUN30,STE12,1.002478
FUR1,RAP1,4.778805
FUR4,ABF1,0.341114
FUR4,TEC1,0.241086
FUS1,STE12,0.722335
FUS1,TEC1,0.127601
FUS2,STE12,0.681695
FUS2,TEC1,0.073188
FUS3,MSN2,0.090963
FUS3,STE12,0.311068
FUS3,TEC1,0.376959
FYV4,STE12,1.073495
FYV6,STE12,0.425998
FYV6,TEC1,0.145208
FYV7,MET28,1.058214
FZO1,ABF1,0.060850
FZO1,YAP1,0.134342
GAD1,GCN4,0.023726
GAL11,RAP1,0.477691
GAP1,ABF1,0.122596
GAP1,SOK2,0.061002
GAP1,TEC1,0.065406
GAP1,YAP1,0.067859
GAR1,CBF1,29.560510
GAS1,ASH1,5.051355
GAS3,FKH1,-1.711947
GAS3,SWI6,3.567275
GAT1,ACE2,0.168863
GAT1,GCN4,0.023522
GAT2,GCN4,0.034204
GAT2,SOK2,-0.101289
GCD1,RPN4,3.514122
GCD11,REB1,6.145839
GCD6,STE12,2.148468
GCD6,TEC1,0.601358
GCN1,ABF1,1.260751
GCN1,RPN4,4.859554
GCN1,STE12,1.013453
GCN2,ABF1,1.157731
GCN20,STE12,6.125585
GCN4,STP1,21.321608
GCR1,RAP1,1.059530
GCS1,PHO2,8.173051
GCV1,BAS1,0.842373
GCV2,GCN4,0.083542
GCV2,YAP1,0.006501
GCV3,ABF1,2.333776
GCV3,BAS1,1.228688
GCV3,YAP1,1.082241
GCY1,CIN5,0.625084
GCY1,REB1,0.570397
GDA1,BAS1,6.354304
GDB1,CIN5,0.272485
GDB1,PDR1,0.162485
GDB1,SPT23,0.053151
GDE1,PHO4,0.866499
GDH1,CIN5,1.701313
GDH1,GLN3,2.353769
GDH1,LEU3,4.453631
GDH1,MSN2,1.027298
GDH1,SOK2,1.046119
GDH2,GAT1,0.058284
GDH2,GCN4,0.040943
GDH3,ARR1,0.068332
GDH3,SKN7,0.021598
GDH3,SOK2,0.185754
GDH3,SWI5,0.158941
GDH3,YOX1,0.006801
GDI1,MSN2,3.335156
GDS1,MCM1,0.169990
GDS1,RAP1,1.025961
GEA2,RPN4,0.476828
GEA2,YRM1,1.527739
GEF1,STE12,1.138103
GFA1,MCM1,2.473322
GFA1,MSN2,1.277326
GFD1,MSN2,1.110615
GGC1,GCN4,0.108175
GIC1,STE12,0.653696
GIC2,ASH1,0.064147
GIC2,FHL1,0.391450
GIC2,PHD1,0.149387
GIC2,RAP1,0.665401
GIC2,SOK2,0.116073
GIC2,TEC1,0.454794
GID7,STE12,0.752573
GID8,GCN4,0.084922
GID8,SOK2,-0.254546
GIM3,RAP1,2.191627
GIM5,CIN5,2.905884
GIR2,SFP1,12.330229
GIS1,MSN2,0.432606
GIS1,RDS2,0.251097
GIS2,ABF1,6.315621
GIS3,RAP1,0.422266
GIS3,STE12,0.257991
GIS3,STP1,0.005381
GIS4,YOX1,0.282096
GLC3,OAF1,0.606115
GLC3,SOK2,0.031096
GLC7,MCM1,2.188714
GLK1,GCR1,1.798488
GLK1,MSN2,1.853665
GLN1,FKH1,-0.110703
GLN1,MSN1,0.534620
GLN1,RAP1,2.266472
GLN1,YOX1,1.934057
GLN3,GCN4,0.023726
GLO1,ABF1,1.409711
GLO1,ACE2,0.769983
GLO4,STE12,0.473016
GLR1,YAP1,2.314444
GLT1,GCN4,0.057941
GLY1,GCN4,0.052369
GLY1,RAP1,-0.041417
GLY1,SOK2,0.034232
GLY1,YAP1,-0.085234
GMH1,ABF1,0.249142
GND1,CIN5,2.591063
GND1,SUM1,3.632299
GND1,YAP1,0.611043
GND2,CAD1,0.179039
GND2,CIN5,0.196239
GND2,MSN2,0.227010
GNP1,GCN4,0.197983
GNP1,SOK2,0.114367
GON7,ABF1,1.976684
GOR1,STB5,1.039063
GOS1,REB1,0.714953
GPA1,STE12,0.844500
GPA1,TEC1,0.126759
GPA2,SOK2,0.747242
GPD1,HOT1,0.829882
GPD1,RAP1,0.631212
GPD2,GCN4,0.082887
GPH1,CIN5,0.136689
GPH1,MAC1,0.033228
GPH1,MSN2,0.383625
GPI12,UME6,0.425589
GPI17,ABF1,1.123225
GPM1,GCR2,42.852286
GPM1,HSF1,29.345408
GPM1,RAP1,23.782568
GPM2,CIN5,0.213203
GPM2,GCN4,0.013000
GPT2,YAP1,0.464492
GPX1,CIN5,0.003517
GPX1,RPN4,0.047771
GPX1,STE12,0.315363
GPX2,CRZ1,1.800322
GPX2,YAP1,0.295096
GRE2,SKO1,0.225750
GRE2,SOK2,0.377357
GRE2,YAP1,0.458171
GRE3,HSF1,0.739904
GRE3,MSN2,0.337842
GRH1,ABF1,1.087889
GRS1,SFP1,22.336587
GRS2,BAS1,1.596928
GRX2,YAP1,1.187990
GRX3,SOK2,4.618492
GRX6,MSN2,2.736500
GRX7,STE12,2.004955
GSC2,RAP1,0.781415
GSC2,STE12,0.175242
GSC2,SWI4,0.323691
GSF2,RPN4,2.008087
GSH1,MET4,0.951955
GSH1,YAP1,0.212665
GSH2,YAP1,2.038032
GSM1,STE12,0.051551
GSM1,UME6,0.279947
GSP1,HSF1,12.636536
GSY1,IXR1,0.207740
GSY1,MSN2,0.174854
GSY1,NRG1,0.225592
GSY2,YAP1,0.155693
GTO1,YAP1,0.113543
GTR1,YAP1,0.253099
GTT1,SOK2,1.322997
GTT2,STE12,0.033697
GTT2,YAP1,0.209078
GTT3,ABF1,0.484891
GTT3,RAP1,0.026505
GUA1,ABF1,7.135713
GUF1,ACE2,0.256478
GUP1,RAP1,0.837030
GUT1,ADR1,0.334608
GUT1,RAP1,0.659222
GUT2,ADR1,0.154789
GUT2,FHL1,0.422092
GVP36,ABF1,4.633235
GYL1,YAP6,1.200247
GYP1,HCM1,0.099300
GYP1,SOK2,0.422014
GYP5,STE12,1.829132
GYP8,YAP1,0.209715
GZF3,GAT1,0.738755
HAA1,RAP1,0.344568
HAA1,STE12,0.138278
HAC1,CBF1,8.871910
HAC1,MSN2,3.154607
HAC1,STE12,14.923987
HAL5,YRM1,1.267875
HAP1,ABF1,0.040786
HAP1,YAP1,0.118843
HAS1,MSN2,5.737510
HAT2,IXR1,0.031427
HAT2,RAP1,1.139533
HBN1,YAP1,0.172642
HCH1,HSF1,3.044465
HCM1,RAP1,0.370006
HCM1,SWI4,0.437883
HCR1,AFT2,15.810877
HCS1,RAP1,0.435000
HDA3,CIN5,0.800370
HEK2,ABF1,0.285956
HEK2,HCM1,0.560912
HEK2,YAP1,0.353217
HEK2,YOX1,0.044884
HEM1,HAP3,1.765093
HEM1,MSN2,1.060452
HEM12,STP1,3.843298
HEM13,RAP1,0.507044
HEM13,STE12,0.169309
HEM2,CBF1,5.936809
HEM3,STE12,0.830718
HEM4,CIN5,0.811324
HER1,YAP1,0.279965
HFD1,SPT23,1.306998
HFI1,ABF1,0.432571
HGH1,AFT1,1.795084
HHF1,FKH2,-6.803231
HHF1,HSF1,11.317350
HHF2,SWI4,2.255329
HHF2,YAP1,1.798117
HHF2,YOX1,5.737253
HHO1,SWI4,1.232172
HHO1,SWI6,0.703947
HHT1,FKH2,-0.447966
HHT1,HIR2,13.404302
HHT2,SWI4,9.015655
HHT2,SWI6,4.105033
HHT2,YOX1,7.748899
HIP1,SFP1,1.788680
HIP1,STE12,2.760105
HIR2,SOK2,0.581726
HIS1,GCN4,0.512596
HIS1,SOK2,-1.741538
HIS1,TUP1,0.254836
HIS2,STE12,1.728367
HIS3,GCN4,0.062315
HIS4,GCN4,0.219898
HIS4,RAP1,0.110447
HIS5,GCN4,0.070170
HIS6,NRG1,2.154720
HIS7,ABF1,0.707376
HIS7,GCN4,0.110734
HIT1,SOK2,0.287634
HLR1,TEC1,0.233999
HMF1,CBF1,3.985258
HMF1,RAP1,2.514286
HMG1,HAP1,0.118732
HMG1,MSN2,0.743390
HMG1,SOK2,0.543717
HMG2,ABF1,1.001598
HMO1,ABF1,3.002136
HMRA1,RAP1,0.666152
HMS2,GCN4,0.027259
HMS2,RAP1,0.011376
HMS2,STE12,0.020476
HMX1,AFT2,0.414327
HMX1,HAP1,0.839692
HNM1,MAC1,12.063227
HNT1,ABF1,6.059164
HOC1,RAP1,1.454349
HOF1,ABF1,0.633241
HOG1,PHD1,0.483964
HOG1,YAP1,0.674775
HOM2,HSF1,2.589873
HOM2,REB1,4.236207
HOM3,GCN4,0.100990
HOM6,RAP1,8.421322
HOR2,RAP1,0.420627
HOR2,SOK2,0.137613
HOR7,GCN4,0.223070
HOR7,PDR1,3.332790
HOR7,TEC1,2.888724
HOS2,STE12,2.918076
HOS2,TEC1,0.331015
HOS3,FKH1,-0.368558
HOS3,MSN2,0.782008
HOS3,STE12,0.704430
HOS4,SOK2,0.433478
HOT13,ACE2,0.124314
HOT13,RAP1,0.306543
HPA3,SOK2,1.607379
HPF1,STE12,0.467914
HPT1,YAP1,1.058897
HRB1,ABF1,-0.050781
HRB1,GCN4,0.089465
HRP1,STE12,1.417178
HRR25,CBF1,1.304951
HSC82,BAS1,14.149276
HSC82,HSF1,8.301565
HSC82,REB1,4.850441
HSL1,STE12,0.767518
HSL1,TEC1,1.253207
HSL7,TEC1,0.715374
HSL7,TYE7,1.413194
HSP10,HSF1,8.219963
HSP104,HSF1,0.996940
HSP104,YAP1,0.965729
HSP12,RAP1,0.251657
HSP12,TEC1,0.727381
HSP12,YAP1,0.015160
HSP12,YOX1,-0.020453
HSP150,ABF1,-6.663275
HSP150,ACE2,35.902755
HSP150,RLM1,-7.300035
HSP26,HSF1,0.135081
HSP26,SOK2,0.066046
HSP26,YAP1,0.070382
HSP31,GCN4,0.088773
HSP31,YAP1,0.253261
HSP42,HSF1,0.262712
HSP42,TEC1,0.243807
HSP60,ABF1,2.738312
HSP60,HSF1,3.090541
HSP60,STE12,2.391855
HSP78,GCN4,-0.015098
HSP78,YAP1,0.625232
HSP82,ABF1,2.154581
HSP82,SUM1,2.960513
HSP82,YAP1,0.121291
HST2,MBP1,0.100622
HST2,SOK2,0.554813
HST3,IXR1,1.455438
HSV2,YAP1,0.489424
HTA1,HIR1,1.903215
HTA1,SWI4,23.400381
HTA2,CIN5,4.358726
HTA2,MBP1,-0.405257
HTA2,SWI4,20.010287
HTB1,HIR2,0.191990
HTB1,SWI4,12.511356
HTB2,SWI6,9.819819
HTZ1,MCM1,1.148080
HUA1,ABF1,0.305352
HXK1,PDR1,1.280539
HXK1,SOK2,-0.434626
HXK1,TEC1,1.191189
HXK2,ABF1,1.088690
HXK2,CRZ1,6.378280
HXK2,RGT1,7.717341
HXK2,SWI4,4.831223
HXT1,MSN2,0.532407
HXT1,RGT1,0.779792
HXT1,SKO1,0.688345
HXT2,RGT1,5.860996
HXT3,PDR1,4.014261
HXT3,RGT1,5.271766
HXT4,GCR1,0.068562
HXT4,RGT1,0.285297
HXT4,TEC1,0.068974
HXT7,PDR1,0.045041
HXT7,TEC1,0.658628
HXT7,TUP1,0.012325
HYM1,STE12,0.759076
HYP2,ABF1,13.743934
HYP2,RAP1,21.759170
IAH1,INO4,0.669762
IBA57,CIN5,0.165725
IBA57,YAP1,0.149959
ICE2,UME6,1.274995
ICL2,ADR1,0.396113
ICL2,STE12,0.746081
ICP55,ACE2,-0.007740
ICP55,YAP1,0.299125
ICT1,MSN2,0.096529
ICT1,PDR1,0.269168
ICT1,STE12,0.128927
ICY1,CIN5,0.036036
ICY1,GCN4,0.018130
ICY1,TEC1,0.162612
ICY2,GCN4,0.042644
IDH1,ABF1,0.980780
IDH1,MSN2,0.719297
IDH2,MSN2,2.114252
IDH2,NRG1,0.087043
IDH2,RTG3,3.043858
IDI1,MSN2,7.049216
IDP1,GCN4,0.331217
IES1,CIN5,0.133495
IES1,RAP1,0.197090
IES1,YRM1,0.415226
IES5,BAS1,0.292056
IES5,MET31,0.758298
IES6,SOK2,1.002319
IES6,STE12,1.146895
IFA38,ABF1,0.800679
IFA38,ACE2,0.655828
IKI3,YOX1,1.553664
IKS1,YAP1,0.101746
ILM1,MSN2,2.342179
ILS1,GCN4,0.459134
ILV1,GCN4,0.195015
ILV2,GCN4,0.294305
ILV2,HSF1,1.631162
ILV3,GCN4,0.428543
ILV3,STE12,3.343016
ILV5,GCN4,1.456169
ILV6,STE12,19.092309
IMD2,RAP1,0.417533
IMD3,CIN5,5.659468
IMD4,STE12,2.611496
IMD4,YRM1,9.903392
IME4,ABF1,0.255461
IME4,TEC1,0.011313
IML1,SOK2,0.906223
IML2,MSN2,0.785290
INH1,MSN2,0.580922
INH1,PHO4,0.104271
INP51,STE12,1.593057
INP52,STE12,0.440409
INP53,STE12,2.980460
IOC2,ABF1,0.483260
IOC3,ABF1,0.579172
IOC3,YRM1,1.099590
IOC4,HAP2,3.208796
IPP1,ABF1,11.792076
IPP1,RAP1,7.800030
IPT1,ABF1,0.272404
IPT1,PDR1,0.080075
IPT1,PDR3,1.241282
IPT1,SOK2,0.000364
IPT1,TUP1,0.376295
IQG1,YHP1,2.285183
IRA1,STE12,2.421997
IRA2,HSF1,0.769821
IRA2,STE12,0.192913
IRC18,ABF1,0.213895
IRC18,SUM1,0.088401
IRC22,RAP1,5.263036
IRC3,ACA1,0.669667
IRC3,YOX1,0.080303
IRC5,RAP1,0.481971
IRC5,STE12,1.220745
ISA1,GCN4,0.040204
ISC1,RAP1,1.361023
ISD11,STE12,4.185152
ISM1,YOX1,0.178189
ISR1,ACE2,0.402727
ISU1,GCN4,0.121479
ISU1,SOK2,1.415633
ISU2,PHD1,2.129860
ISU2,YAP1,0.964413
ISW2,ABF1,0.376068
ITC1,ACE2,0.362392
ITR1,INO4,4.199732
ITR1,OPI1,2.974494
IXR1,CIN5,0.133672
IXR1,SOK2,0.097435
IXR1,STE12,0.390055
IZH1,MSN2,1.324229
IZH2,OAF1,2.586512
IZH3,RAP1,0.086141
IZH3,SOK2,0.019772
IZH3,YOX1,-0.004474
IZH3,YRM1,0.265935
JEN1,ABF1,0.126698
JEN1,BAS1,0.043675
JEN1,MSN2,0.189610
JHD2,MSN2,0.594309
JIP4,FHL1,0.369551
JIP4,MSN2,0.586265
JJJ2,STE12,0.343042
JSN1,ASH1,0.039257
JSN1,RAP1,0.404304
KAE1,CIN5,1.073513
KAE1,STE12,2.433925
KAP123,MCM1,5.876575
KAR2,HAC1,0.607519
KAR2,HSF1,0.183466
KAR3,STE12,0.693480
KAR4,MCM1,0.118020
KAR4,RPN4,0.312011
KAR4,STE12,0.240168
KAR5,GCN4,0.017857
KDX1,RAP1,0.211335
KDX1,SFP1,0.119039
KEG1,HAC1,0.038355
KEL1,YRM1,0.396263
KEL2,ABF1,-0.008713
KEL2,YAP1,0.120331
KEX1,CIN5,1.565970
KGD1,AFT1,0.499609
KIC1,MET32,0.778716
KIN1,SOK2,0.368107
KIN1,SPT23,0.744914
KIN2,UME6,0.809616
KIN3,MCM1,0.551407
KIN3,YHP1,2.126103
KIN3,YOX1,-0.486618
KIN4,YOX1,0.805364
KIP1,STE12,0.651369
KNS1,FHL1,0.074098
KNS1,RAP1,0.248620
KOG1,STE12,1.021187
KRE1,ABF1,2.722485
KRE2,PHO4,7.222751
KRE33,MSN2,3.036023
KRE33,TEC1,0.541632
KRE6,CIN5,3.440474
KRE6,MAC1,4.792208
KRE6,MSN2,2.713541
KRE9,ABF1,2.100970
KRR1,FKH2,0.437418
KRR1,HSF1,1.659209
KRS1,STE12,28.356304
KTI12,CBF1,0.889964
KTI12,TEC1,0.659529
KTR2,TEC1,0.087397
KTR2,YAP1,0.283875
KTR4,ABF1,1.914186
KXD1,PHO4,0.839273
LAC1,ABF1,1.312228
LAG2,ABF1,0.195615
LAG2,STE12,0.143338
LAP3,CIN5,0.235149
LAP3,GCN4,0.213913
LAP3,SWI5,-0.561206
LAS1,STE12,0.577606
LAS17,RAP1,1.023649
LAT1,ABF1,5.722662
LCB1,ABF1,0.734859
LCB1,CIN5,1.005181
LCB1,RAP1,0.709927
LCB2,RAP1,1.379685
LCB3,CBF1,1.625078
LCB3,RAP1,0.327773
LCB4,YRM1,0.881998
LCB5,FKH2,0.381830
LCD1,STE12,1.382345
LCL1,ASH1,0.113103
LCL2,RAP1,0.712528
LCP5,ACE2,1.677206
LDB16,ABF1,0.626994
LDB18,YAP1,0.168849
LDB7,PDR3,4.756185
LEU1,CIN5,0.208005
LEU1,GCN4,0.972947
LEU3,GCN4,0.033669
LEU4,GCN4,0.183507
LEU4,YAP1,3.525572
LEU9,GCN4,0.259202
LGE1,RAP1,0.443437
LHP1,CBF1,4.015982
LHP1,TYE7,4.460069
LHS1,HAC1,0.070132
LOC1,MSN2,1.421814
LOC1,STE12,2.630573
LOS1,GCN4,0.040693
LOT5,ABF1,1.221938
LOT6,STE12,0.423386
LPD1,GCN4,0.325019
LPX1,ADR1,0.523818
LPX1,MSN2,0.878453
LPX1,SOK2,0.938599
LRG1,STE12,0.396410
LRO1,FHL1,0.010982
LRO1,STE12,0.627013
LRO1,SWI4,0.206099
LRP1,MSN2,1.715109
LRP1,RDS2,2.577488
LSB3,MSN2,3.196762
LSG1,YOX1,0.563483
LSP1,MSN2,7.793266
LST4,ZAP1,3.047107
LST8,HSF1,0.501780
LTV1,ABF1,1.972266
LYP1,RAP1,2.151982
LYS1,GCN4,0.041597
LYS1,STP1,0.017717
LYS14,GCN4,0.040879
LYS14,TEC1,-0.077740
LYS2,ASH1,-0.017222
LYS2,GCN4,0.239585
LYS20,CIN5,1.472378
LYS20,GCN4,0.253295
LYS20,TEC1,-1.282955
LYS9,GCN4,0.197404
MAE1,ABF1,0.279788
MAE1,RAP1,-0.279522
MAE1,SOK2,1.220646
MAE1,YAP1,0.729479
MAG1,RPN4,0.362454
MAK10,YAP1,0.275214
MAK16,ABF1,0.603082
MAK16,SOK2,1.751970
MAK21,YHP1,4.532267
MAK32,STE12,0.478768
MAM3,RAP1,0.333076
MAM33,MCM1,1.035557
MAS1,MSN2,1.886614
MAS2,GCN4,0.095435
MBF1,RAP1,5.897098
MCD1,MBP1,0.288104
MCD1,SWI4,0.053244
MCD4,HAC1,0.069336
MCH1,GCN4,0.035894
MCH4,GCN4,0.131270
MCH4,YAP1,-0.008238
MCH5,RIM101,0.343403
MCM2,ACE2,0.546487
MCM2,RPN4,0.095168
MCM3,MSN2,0.746468
MCM3,STE12,0.416304
MCM5,STE12,0.962361
MCM5,YOX1,-0.054471
MCM7,MCM1,0.562029
MCM7,MSN2,0.044851
MCR1,ACE2,0.995475
MCR1,SKO1,1.472612
MCT1,MSN2,1.911731
MDG1,STE12,0.573443
MDH1,CIN5,1.102238
MDH1,RAP1,0.975991
MDH2,CIN5,0.113185
MDH2,PDR1,0.818451
MDH2,PHD1,1.195395
MDH2,RAP1,0.564594
MDH2,STE12,1.591231
MDH2,SWI4,0.668699
MDH3,OAF1,4.949555
MDJ1,HSF1,0.519893
MDJ1,SPT23,1.133861
MDM31,ACE2,0.181431
MDM31,SOK2,0.391348
MDR1,STE12,0.659173
MDS3,MSN2,0.608913
MDV1,STE12,1.139170
MDV1,TEC1,0.360917
MDY2,ABF1,1.660430
MDY2,OAF1,0.193128
MDY2,RAP1,0.145324
MEC1,OAF3,1.009769
MED2,ABF1,0.558665
MEF2,UME6,0.591885
MEH1,MAL33,1.167213
MEP1,ABF1,0.041665
MEP1,CIN5,0.328899
MEP1,MSN2,0.255425
MEP3,MSN2,0.553207
MEP3,STE12,0.488979
MEP3,TEC1,0.271701
MES1,UME6,5.632068
MET1,CBF1,1.127297
MET1,LEU3,0.472131
MET1,YOX1,0.234849
MET10,GCN4,0.141795
MET12,MSN2,2.120294
MET13,GCN4,0.012624
MET13,SOK2,0.064558
MET14,CBF1,1.573042
MET14,MET28,0.110071
MET14,MET32,1.000051
MET14,MET4,1.873369
MET16,GCN4,0.067276
MET16,MET4,0.005136
MET2,MET31,0.650337
MET2,MET32,0.205635
MET2,RAP1,0.403313
MET22,GCN4,0.089909
MET22,MET32,0.197662
MET28,GCN4,0.035036
MET28,PDR1,0.032156
MET3,ABF1,0.966977
MET3,MET32,0.161562
MET3,RAP1,0.812237
MET3,STE12,0.220490
MET30,MET28,0.085723
MET30,MET4,1.111606
MET32,MCM1,0.154766
MET32,MET4,0.572584
MET4,GCN4,0.043057
MET5,ABF1,0.396548
MET5,AFT1,0.305404
MET6,ABF1,0.859088
MET6,MET32,0.606768
MET6,MET4,2.689467
MET6,RAP1,2.298325
MET6,STE12,0.454917
MET6,YAP1,4.602222
MET8,MET32,0.175404
MET8,MET4,0.538749
MFA1,MCM1,3.354356
MFA1,STE12,2.709108
MFA1,TEC1,0.490964
MFA2,MCM1,7.023198
MFA2,RPN4,4.867317
MFA2,TEC1,-0.514698
MFA2,YOX1,-1.476620
MFB1,STB5,1.442061
MGM1,ABF1,0.660992
MGM101,ACE2,0.679801
MGM101,SFP1,1.417918
MGS1,SOK2,0.343131
MHP1,ABF1,0.402267
MHR1,ABF1,0.966222
MHR1,SWI4,0.294537
MHT1,STE12,0.922773
MIC17,STE12,5.967558
MID2,ABF1,0.543796
MID2,CIN5,0.169153
MID2,RLM1,0.022687
MIG2,MSN2,0.225297
MIG2,SOK2,0.770903
MIG3,RGT1,0.224959
MIG3,STE12,0.092508
MIM1,STE12,3.993723
MIR1,ABF1,4.426499
MIR1,HAP5,2.030486
MKC7,SWI6,1.689004
MKK1,YRM1,0.732325
MKT1,ABF1,2.108418
MLC1,ABF1,2.655229
MMF1,RAP1,17.832133
MMP1,MET31,2.277453
MMR1,RAP1,0.525091
MMT1,YAP1,0.150490
MNL1,IFH1,4.105695
MNN1,GCN4,0.029462
MNN1,SWI4,0.752372
MNN10,ABF1,1.898277
MNN11,ABF1,1.652447
MNN4,STE12,1.845835
MNN4,TEC1,0.569728
MNN5,CBF1,3.620783
MNN5,TEC1,1.138313
MNN9,SWI5,2.627530
MOB1,YOX1,0.580031
MOD5,TEC1,0.497133
MOG1,RAP1,1.230517
MON1,SOK2,0.774532
MOT1,MBP1,0.134396
MOT1,STE12,0.803148
MOT1,TEC1,0.478971
MOT3,MSN2,0.759758
MOT3,SKO1,0.245599
MOT3,SWI4,0.080077
MOT3,YAP6,0.961750
MPD1,CBF1,1.950294
MPS1,YRM1,0.698885
MPT5,STE12,0.377349
MPT5,TEC1,0.144224
MRC1,STE12,0.611592
MRE11,RAP1,0.307591
MRH1,RAP1,3.477185
MRI1,YAP1,1.410446
MRL1,YAP1,0.242691
MRM1,GCN4,0.066001
MRM2,GCR1,0.140766
MRM2,YAP1,0.118102
MRN1,SFP1,4.331054
MRP10,AFT1,0.861774
MRP13,GCR1,0.506240
MRP13,RAP1,0.050541
MRP17,STE12,1.905245
MRP49,ABF1,0.557824
MRP8,SKN7,1.103503
MRP8,SPT23,2.097824
MRPL13,MAL33,1.644016
MRPL15,MSN2,1.033665
MRPL16,STE12,0.929665
MRPL19,GCN4,0.051693
MRPL27,ABF1,0.911939
MRPL3,MSN2,1.291700
MRPL32,ABF1,0.444160
MRPL33,CIN5,2.805967
MRPL37,STE12,3.255416
MRPL38,ABF1,0.535187
MRPL39,ABF1,1.111060
MRPL4,ACE2,0.177151
MRPL4,SWI6,0.326743
MRPL44,ABF1,0.804534
MRPL49,RAP1,0.767049
MRPL8,ABF1,0.807960
MRPS17,GCN4,0.047275
MRPS18,ABF1,1.856361
MRPS35,MSN2,0.197893
MRPS35,STE12,1.284065
MRPS5,CST6,0.724459
MRPS9,ABF1,0.883326
MRS2,GCN4,0.016312
MRS4,GCN4,0.029203
MRS4,YAP1,-0.090291
MRT4,GCR2,0.836919
MRT4,HSF1,1.077992
MRT4,TYE7,0.198591
MSA1,STE12,0.577403
MSB1,YRR1,1.534701
MSB2,STE12,1.210083
MSB2,SWI4,0.678138
MSB2,TEC1,3.403370
MSB4,TEC1,1.591059
MSC1,YAP1,0.213771
MSC3,HAP5,1.010810
MSF1,YAP1,0.145009
MSH5,GCN4,0.017881
MSK1,YRM1,1.210961
MSN1,YAP1,0.143622
MSN2,STE12,0.259259
MSN2,TEC1,0.135317
MSN2,TYE7,0.206589
MSP1,MSN2,0.220544
MSP1,STE12,0.330105
MSP1,TEC1,0.083936
MSR1,RAP1,0.379342
MSS1,LEU3,0.323408
MSS1,MSN2,0.158033
MSS11,STE12,0.438126
MSS11,TEC1,0.081443
MSS116,ABF1,0.602248
MSS116,RAP1,0.777790
MSS51,MSN2,3.521079
MTC2,PHD1,0.288747
MTC2,STE12,0.762608
MTC3,ACE2,0.460157
MTC3,STE12,0.479827
MTC4,GCN4,0.034230
MTC6,STE12,0.515170
MTC7,STE12,12.030066
MTD1,BAS1,0.892673
MTD1,MSN2,0.497190
MTF1,MSN2,0.574661
MTM1,ABF1,0.949139
MTO1,STE12,0.853337
MTQ1,HSF1,0.456816
MTR2,MCM1,1.418711
MTR4,FKH2,2.653726
MUB1,YRM1,0.481759
MUM2,ACE2,0.166626
MUM2,TEC1,0.267854
MUP1,ABF1,2.297305
MUP1,MET31,1.496583
MUP1,MET32,0.968511
MUP1,RAP1,0.634038
MUP3,MET31,0.063012
MUP3,MET32,0.039216
MUP3,RAP1,0.177763
MUP3,YOX1,0.034474
MUS81,FHL1,0.757989
MVD1,HAP1,1.286988
MVD1,RAP1,2.922659
MYO1,STE12,1.061130
MYO2,MSN2,6.151010
MYO4,MSN2,1.290752
MYO4,STE12,0.867103
MYO4,TEC1,0.163446
MYO5,STE12,2.925441
NAB2,RPN4,1.641920
NAB3,RAP1,0.082086
NAB3,TUP1,0.224657
NAF1,TEC1,0.485152
NAM7,YRM1,0.558665
NAM8,PDR1,0.078085
NAM8,STE12,0.709222
NAR1,GCN4,0.093241
NAT5,IXR1,0.308605
NAT5,YRM1,2.132390
NCA2,TEC1,0.643765
NCB2,SWI5,3.549983
NCE102,PDR1,2.819918
NCE103,GCN4,0.656038
NCL1,CBF1,8.090273
NCP1,TYE7,5.250224
NDE1,CIN5,0.528848
NDE1,MSN2,0.393372
NDE1,OAF3,0.294574
NDE1,SOK2,1.018115
NDE1,YRM1,1.528060
NDL1,SOK2,0.273501
NEM1,RAP1,0.246962
NEO1,ABF1,0.242776
NEO1,RAP1,0.301101
NET1,MSN2,1.506846
NET1,SOK2,0.608172
NEW1,RAP1,2.395048
NEW1,YOX1,0.575553
NFU1,YAP1,0.483422
NGR1,ABF1,0.362363
NHP2,CIN5,9.750473
NHX1,ABF1,0.855065
NIP7,AFT1,2.788530
NIP7,TYE7,2.410516
NIS1,ACE2,1.442959
NIT3,ABF1,1.913201
NMA1,ADR1,0.054064
NMA1,MSN2,0.566692
NMA1,STE12,0.060281
NMA1,YRM1,1.514206
NMA2,YAP1,0.181787
NMD3,AFT1,1.058201
NMD3,YAP1,0.555975
NMD5,RAP1,1.210057
NNF2,GCR2,0.478917
NOB1,ABF1,1.884290
NOC2,YRM1,2.649024
NOC3,YAP1,0.569982
NOC4,STE12,2.701785
NOG1,YHP1,3.931872
NOG1,YOX1,1.713319
NOG2,CAD1,5.261795
NOP12,RAP1,1.856928
NOP13,CBF1,7.619170
NOP14,RPN4,1.950800
NOP2,YAP1,0.674716
NOP53,STE12,2.457862
NOP58,SOK2,28.269841
NOP6,AFT1,1.358223
NOP7,YHP1,11.216190
NOP9,STE12,1.444177
NOT5,MSN2,4.272881
NRD1,RPN4,0.709909
NRG1,SKN7,0.323614
NRG1,STE12,0.094416
NRG1,TEC1,0.018531
NRG1,TUP1,0.075162
NRG2,YAP1,0.326364
NRK1,GCN4,0.030234
NRM1,GCN4,0.012207
NRM1,SWI4,0.322692
NRP1,YHP1,2.796636
NRT1,LEU3,0.102785
NRT1,SUM1,0.197111
NSA2,ACE2,2.093433
NSR1,FKH2,2.858689
NSR1,RAP1,3.126561
NTA1,ABF1,0.258611
NTC20,FHL1,0.151043
NTC20,SFP1,2.140721
NTE1,MCM1,0.756520
NTE1,MSN2,0.295534
NTH1,CBF1,0.173516
NTH1,SOK2,1.646952
NTH2,YAP1,0.309513
NUD1,SWI4,0.519959
NUG1,ABF1,2.272908
NUG1,YOX1,0.138920
NUP1,SOK2,1.968758
NUP1,STE12,2.486274
NUP100,ACE2,0.766022
NUP157,ABF1,1.399834
NUP159,CBF1,7.324286
NUP192,REB1,0.327637
NUP192,STE12,0.466758
NUP2,RAP1,1.332216
NUP57,ABF1,0.868548
NUP60,STE12,2.146019
NUP85,ABF1,0.546352
NUP85,MSS11,0.325529
NVJ1,ACE2,0.526191
OAC1,BAS1,0.384972
OAC1,DAL81,3.453814
OAC1,MSN2,1.525241
OCA4,GCR2,0.278653
OCA5,ABF1,0.126295
OCA5,ACE2,0.167776
OCA5,RAP1,0.326779
OCA6,CST6,0.393765
OCH1,PHO4,1.168104
OCH1,SKN7,0.901749
ODC2,GCN4,0.212094
OLA1,YAP1,5.324315
OLE1,SPT23,3.104449
OM14,ACE2,0.903038
OM14,MSN2,0.024452
OM45,CIN5,0.300113
OM45,STE12,0.773874
OMA1,RAP1,0.493999
OMS1,STE12,0.681505
OPI1,INO4,1.957668
OPI10,OAF3,0.644450
OPI3,INO4,2.580972
OPI3,PHO4,2.635567
OPI3,RAP1,1.967485
OPT1,ABF1,0.465966
OPT1,MET31,0.593118
OPT1,RAP1,0.066521
OPY2,TEC1,2.080526
ORC2,STE12,0.703558
ORC4,RAP1,0.400427
ORM1,ABF1,1.025360
ORM2,STE12,0.684251
ORM2,STP1,1.530088
ORT1,GCN4,0.055544
OSH7,MSN2,1.940020
OSM1,STE12,2.343373
OST5,ACE2,1.095662
OST5,RAP1,1.745284
OXA1,ACE2,1.059977
OXA1,PHD1,0.588001
OXA1,SKN7,0.968273
OYE2,ABF1,3.553863
OYE2,ARG81,2.887031
OYE2,YAP1,2.575049
PAC10,AFT1,2.128928
PAC10,MCM1,0.339316
PAC11,RAP1,0.243298
PAH1,ZAP1,1.112931
PAI3,STE12,0.564340
PAM1,MSN2,0.486793
PAM1,TEC1,0.912433
PAM16,STE12,3.494262
PAN1,MSN2,2.822981
PAN1,TYE7,1.660043
PAN3,STE12,1.002848
PAN6,UME6,1.473988
PAP2,YAP1,0.211567
PAR32,MSN2,1.960344
PAT1,RAP1,0.833987
PAT1,YRM1,1.426648
PAU23,YRM1,0.362070
PBA1,STB5,4.463054
PBI2,SOK2,0.720148
PBP2,ABF1,0.295025
PBY1,TEC1,0.580031
PCA1,RAP1,0.527122
PCL1,FKH2,0.133580
PCL1,MBP1,-0.334458
PCL1,STE12,0.201763
PCL1,TEC1,2.451254
PCL10,ACE2,0.331038
PCL2,ACE2,1.327787
PCL2,SWI4,0.298916
PCL2,TEC1,0.208997
PCL2,YOX1,-0.069895
PCL5,GCN4,0.110428
PCL5,SOK2,2.523086
PCL7,RAP1,0.723188
PCL9,SWI5,1.559725
PCS60,AFT1,1.237848
PCT1,MSN2,1.199551
PDC1,ABF1,28.634548
PDC1,GCR1,51.093492
PDC1,GCR2,65.960170
PDC1,RAP1,3.970937
PDC5,PDC2,0.603432
PDH1,STE12,0.427919
PDH1,YRM1,0.112075
PDI1,HAC1,0.995730
PDI1,RAP1,2.399098
PDR1,RPN4,0.516797
PDR1,SWI4,0.573005
PDR10,PDR1,0.146378
PDR10,SOK2,0.271009
PDR15,PDR1,0.323801
PDR15,YRM1,0.542685
PDR16,MET4,1.477094
PDR16,NRG1,0.481439
PDR16,PDR1,0.119314
PDR16,PDR3,1.964443
PDR16,RDS2,0.719833
PDR3,PDR1,0.088718
PDR3,STE12,0.176862
PDR3,YAP1,0.037318
PDR5,ASH1,-0.511306
PDR5,RAP1,3.885060
PDR5,SWI4,4.237692
PDR5,YAP1,2.057018
PDR8,ADR1,0.310629
PDR8,RTG3,0.393810
PDR8,STE12,0.206545
PDS5,ABF1,0.492786
PDX3,RAP1,2.347677
PEA2,STE12,0.686087
PEA2,TEC1,0.143222
PEP5,STE12,0.806368
PER33,HSF1,0.843452
PET10,CIN5,0.479912
PET10,HAP1,0.808192
PET111,RAP1,0.167183
PET111,SFP1,0.289462
PET123,MSN2,0.887527
PET127,STE12,0.395276
PET130,STE12,0.572237
PET20,ECM22,0.683321
PET54,STE12,0.871697
PET54,TEC1,0.352155
PET9,ASH1,0.269236
PET9,SOK2,0.491241
PET9,TUP1,4.676753
PEX10,ABF1,0.466102
PEX11,OAF1,1.908253
PEX12,RAP1,0.552834
PEX21,STE12,0.863605
PEX25,MSN2,1.063060
PEX25,OAF1,1.010445
PEX27,STE12,0.354020
PEX27,TEC1,0.155989
PEX28,MSN2,0.366989
PEX28,STE12,0.152523
PEX3,ABF1,0.664473
PEX5,GCN4,0.033841
PFD1,YRM1,2.070432
PFK1,GCR2,7.966236
PFK1,RAP1,7.264789
PFK2,GCR2,2.401491
PFK2,RAP1,2.134178
PFK26,MCM1,3.844650
PFK27,CIN5,0.249811
PFK27,PHO4,0.021447
PFK27,RAP1,0.125952
PFK27,SKO1,0.097364
PGA2,ABF1,3.030150
PGA2,UME6,6.042743
PGA3,PDR3,11.538936
PGA3,SWI5,1.490944
PGC1,CBF1,2.245457
PGD1,STE12,1.093115
PGI1,GCR1,1.035396
PGI1,GCR2,8.699388
PGI1,RAP1,3.984929
PGM1,MSN2,1.635516
PGM1,STE12,1.698571
PGM3,SFP1,0.856279
PHB1,SOK2,2.646923
PHB2,ABF1,1.955891
PHD1,FHL1,0.085059
PHD1,SOK2,0.213855
PHD1,TEC1,0.169354
PHD1,YAP1,0.077924
PHD1,YOX1,0.001065
PHO23,ROX1,0.353376
PHO23,STE12,0.559675
PHO3,MCM1,4.214310
PHO4,RAP1,0.181874
PHO4,STE12,0.305943
PHO8,GCN4,0.035045
PHO8,PHO4,0.489508
PHO81,CAD1,0.231071
PHO81,STE12,0.664834
PHO81,TEC1,0.041689
PHO85,ABF1,0.831571
PHO86,PHO4,2.687123
PHO87,PHO4,1.704572
PHO88,MSN2,17.572558
PHO88,RAP1,6.707634
PHO91,SFP1,3.634317
PHS1,RAP1,1.695409
PIB1,HSF1,0.179104
PIC2,HAP1,0.069141
PIC2,MSN2,0.742517
PIC2,SOK2,0.164079
PIG2,SOK2,0.057045
PIG2,YAP1,0.099418
PIK1,ABF1,0.594643
PIL1,ASH1,0.762478
PIL1,STE12,3.671739
PIL1,SWI5,9.993437
PIM1,RAP1,1.064864
PIM1,RPN4,1.402293
PIN3,ABF1,0.224780
PIN3,HSF1,0.661496
PIN3,MSN2,0.143263
PIR1,ACE2,11.153052
PIR1,PHD1,-0.931605
PIR1,SOK2,-3.264249
PIR1,STE12,-0.943882
PIS1,INO4,3.114839
PIS1,MCM1,2.931707
PKH2,YAP1,0.168533
PKP2,GCN4,0.017019
PLB1,MSN2,0.406002
PLB1,RAP1,0.147581
PLB1,SOK2,0.841904
PLB1,STE12,0.178342
PLB2,MBP1,0.111475
PLB2,SKN7,0.101998
PLB2,SPT23,0.027579
PLB2,SWI4,0.061681
PLB3,MCM1,0.368732
PLB3,STE12,0.871282
PLB3,SWI4,0.135892
PLC1,MBP1,0.441762
PLM2,SWI4,0.214260
PLM2,SWI6,0.001737
PLM2,YAP1,0.105354
PMA1,ACE2,1.896081
PMA1,MCM1,1.572162
PMA1,RAP1,3.652775
PMD1,STE12,0.526597
PMI40,ABF1,3.521885
PML39,ABF1,0.422311
PMP1,RAP1,2.183390
PMP1,YOX1,-0.052453
PMP2,RAP1,1.303221
PMP2,SOK2,0.322164
PMP3,RAP1,6.922397
PMR1,MSN2,2.188859
PMR1,SOK2,2.627643
PMT2,MCM1,5.744577
PMT6,STE12,0.407238
PMT6,STP2,0.982606
PMU1,STE12,5.755977
PNC1,HSF1,0.271612
PNC1,PDR1,2.175129
PNP1,FKH1,1.697530
PNS1,SWI4,0.081943
PNS1,YAP1,0.101433
PNT1,YRM1,0.492587
POC4,CIN5,0.214141
POC4,RAP1,0.332826
POL1,ABF1,0.047742
POL1,LEU3,1.139701
POL30,SWI4,1.365818
POM152,ABF1,0.807960
POM33,HSF1,0.180679
POM33,RGT1,0.112285
POM33,YAP1,0.235471
POP4,GCN4,0.051386
POP6,CIN5,0.985349
POP7,MCM1,0.623667
POP8,IXR1,2.264404
POR1,STB5,22.813341
POR1,TEC1,6.570436
POR2,SKN7,0.520536
POR2,SOK2,0.311875
PPH22,AFT1,0.642219
PPH3,ABF1,0.201861
PPH3,ARO80,0.153913
PPH3,YRM1,0.078507
PPN1,ASH1,0.405175
PPQ1,STE12,1.612274
PPT1,ADR1,3.524168
PPT1,YOX1,0.192153
PRB1,AFT1,0.966889
PRC1,ABF1,0.283411
PRC1,CIN5,3.864490
PRC1,FLO8,3.044364
PRC1,MSN2,7.436214
PRC1,UME6,0.874042
PRD1,UME6,5.800182
PRE1,RPN4,2.876889
PRE2,FHL1,3.767198
PRE2,IFH1,3.571700
PRE2,SFP1,5.028795
PRE3,REB1,0.805189
PRE3,RPN4,3.475705
PRE4,RPN4,2.243928
PRE5,MSN2,1.932012
PRE5,OAF3,7.078694
PRE6,RPN4,1.744424
PRE6,SOK2,1.287824
PRE7,ABF1,2.661283
PRE7,RAP1,1.228564
PRE8,RPN4,2.282048
PRE9,RPN4,5.594680
PRE9,SOK2,1.689524
PRI2,STE12,0.960163
PRK1,STE12,0.506941
PRK1,TEC1,0.008760
PRM1,AFT1,1.395758
PRM1,TEC1,-0.079221
PRM10,ABF1,0.152103
PRM10,STE12,0.386648
PRM2,ABF1,0.339509
PRM2,STE12,0.138861
PRM3,STE12,1.319545
PRM4,ABF1,0.354042
PRM4,STE12,0.370218
PRM5,GCN4,0.015218
PRM5,SOK2,-0.075602
PRM5,YAP1,0.354221
PRM6,STE12,0.524402
PRM8,STE12,2.101362
PRO1,RAP1,1.531428
PRP22,MSN2,1.441376
PRP3,SFP1,0.944316
PRP31,RAP1,0.334970
PRP31,STE12,0.262070
PRP39,STE12,0.599095
PRP43,AFT1,1.225255
PRP45,ABF1,0.432551
PRP46,MSN2,0.507435
PRP46,STE12,1.394833
PRP5,AFT1,0.517218
PRP8,ABF1,1.343543
PRS4,SFP1,3.131881
PRX1,PDR1,0.384731
PRX1,PUT3,0.921989
PRX1,UME6,0.320524
PRY1,RAP1,0.292445
PRY1,SOK2,0.032985
PRY1,SWI4,-0.472829
PRY1,TUP1,0.855222
PRY2,STE12,0.201852
PRY2,TEC1,10.326635
PRY3,FKH1,-0.007020
PRY3,MSN2,0.260177
PRY3,NRG1,0.002795
PRY3,STE12,0.108821
PRY3,SWI5,0.332247
PSA1,MBP1,1.338799
PSA1,SOK2,3.250352
PSA1,STE12,9.544856
PSD1,AFT1,2.041754
PSD2,BAS1,0.755638
PSD2,STE12,0.507129
PSE1,CBF1,10.344459
PSF1,PDR1,0.013822
PSF1,YAP1,0.216719
PSF2,GCN4,0.026587
PSK1,ABF1,0.617980
PSO2,GCN4,0.016902
PSP1,ABF1,0.242168
PSR1,PUT3,0.441089
PST1,ACE2,2.447366
PST1,ASH1,0.018946
PST1,YAP1,-0.426884
PST2,RAP1,0.965742
PST2,YAP1,1.111155
PTA1,STE12,1.143949
PTC2,GCN4,0.181464
PTI1,RAP1,0.596852
PTK1,RAP1,0.162931
PTK1,SPT23,0.713790
PTK2,MSN2,0.973265
PTM1,CAD1,2.116840
PTM1,RAP1,1.167521
PTP3,STE12,0.443089
PTP3,TEC1,0.212130
PTR2,CIN5,0.061607
PTR2,DAL81,0.200998
PTR2,RAP1,0.045276
PTR2,SKO1,0.051342
PTR2,STE12,0.183373
PTR3,STE12,0.556287
PUB1,CIN5,8.343608
PUB1,SWI4,4.374288
PUF3,STE12,1.284955
PUF6,YAP1,0.748194
PUN1,SKN7,2.610986
PUN1,STE12,1.849216
PUN1,TEC1,0.345513
PUP1,RPN4,3.295219
PUP2,PHO4,0.560831
PUP2,RPN4,3.885620
PUP3,RPN4,2.341725
PUP3,SOK2,2.307209
PUP3,SWI6,0.565214
PUS2,STE12,0.572237
PUS5,IXR1,0.037703
PUS5,STE12,0.311699
PUT2,PUT3,1.779317
PUT3,GCN4,0.034967
PWP2,YAP1,0.904051
PWP2,YOX1,0.262392
PXA1,ADR1,0.929707
PXR1,MET4,2.618099
PXR1,RAP1,0.653839
PXR1,STE12,0.460786
PYC1,GCR2,4.170063
PYC2,GCN4,0.165578
QCR10,CBF1,0.461870
QCR10,HAP2,1.742388
QCR2,HAP3,0.863982
QCR2,HAP5,0.155627
QCR6,MBP1,0.403541
QCR6,SOK2,1.324694
QCR6,YAP1,0.661413
QCR8,ABF1,1.522498
QCR9,BAS1,0.408937
QCR9,HAP3,0.063382
QCR9,TEC1,0.105065
QDR1,OAF1,0.023082
QDR1,STE12,0.389179
QDR2,PHO4,0.350438
QDR2,RAP1,0.961159
QDR2,REB1,1.594367
QDR2,STE12,0.575146
QDR3,GCN4,0.081744
RAD14,ABF1,0.376085
RAD16,ABF1,0.079671
RAD16,GCN4,0.013208
RAD16,STE12,0.079332
RAD2,SUM1,0.288226
RAD23,RPN4,2.308655
RAD27,MAL33,3.169499
RAD27,MBP1,0.080796
RAD30,STE12,0.305143
RAD5,CIN5,0.988665
RAD51,MBP1,-0.117512
RAD51,STE12,1.144086
RAD51,YOX1,0.234718
RAD54,CIN5,0.175520
RAD54,STE12,0.195088
RAD54,YOX1,0.121175
RAD59,MET28,0.061591
RAD59,MET4,0.512536
RAD7,STE12,0.651644
RAM1,STE12,0.395276
RAS1,RAP1,0.900535
RAS2,ACE2,1.399309
RAS2,MSN2,2.146325
RAT1,STE12,0.022566
RAT1,YRM1,2.296282
RAX1,RAP1,0.305284
RAX1,TEC1,0.115070
RAX2,FKH2,0.909895
RAX2,STE12,0.273437
RBG2,GCR2,1.864294
RBS1,ABF1,1.239870
RCN2,SPT23,1.321767
RCO1,STE12,0.521838
RCR1,YAP1,0.211128
RCR2,YAP1,0.396120
RDI1,STE12,4.536711
RDL1,CAD1,5.388079
RDL1,CIN5,1.539280
RDL1,MSN2,11.704629
RDL2,MSN2,3.816467
RDS3,YAP1,0.215093
REB1,ABF1,0.302146
REB1,RPN4,0.260472
REB1,STE12,0.273824
REE1,ACE2,1.775878
REG1,RPN4,2.315084
REH1,SKO1,3.678352
RER2,YOX1,0.392709
RET2,REB1,2.481797
REV1,TEC1,0.346832
REX3,SPT23,0.300645
REX3,STE12,0.679712
RFA1,MBP1,0.306658
RFA2,MBP1,0.237195
RFA2,UGA3,0.507197
RFC2,YRM1,1.127282
RFC3,ASH1,0.033499
RFC3,STE12,2.272518
RFC5,BAS1,0.962360
RFS1,HSF1,1.364012
RFT1,RAP1,0.680511
RFU1,STE12,1.115454
RGA1,TEC1,0.820755
RGA2,STE12,0.655227
RGA2,TEC1,0.072136
RGD2,STE12,0.309003
RGD2,TEC1,0.269477
RGT1,STE12,1.476926
RGT2,ABF1,0.239343
RHB1,MSN2,0.785864
RHO2,STE12,1.070641
RHO2,TEC1,0.426879
RHO3,CAD1,0.514075
RHO3,CBF1,0.874989
RHO3,SKO1,1.309363
RHO4,ARG81,0.309753
RHO5,YAP1,0.478025
RHR2,ABF1,5.191315
RHR2,GCN4,0.616511
RIA1,SFP1,2.708034
RIB1,HSF1,0.099183
RIB1,YAP1,0.173224
RIB3,YAP1,1.455243
RIB4,ABF1,16.353992
RIB5,GCN4,0.189984
RIM101,GCN4,0.065837
RIO2,MSN2,3.576521
RIX1,PDR1,1.491227
RIX7,ABF1,0.612862
RIX7,GLN3,1.016426
RIX7,RPH1,0.663195
RKI1,FKH2,0.946723
RKI1,RAP1,1.171064
RKM1,RIM101,0.605957
RKM3,STE12,1.620903
RKR1,SKO1,1.398297
RLM1,CAD1,0.639781
RLP7,MSN2,6.424383
RLP7,YOX1,0.530542
RMD1,GCR2,0.528006
RMD6,YAP1,0.114972
RMD9,ABF1,0.593077
RMI1,ACE2,0.238519
RMI1,ASH1,-0.066932
RMI1,FHL1,0.519903
RMI1,TEC1,0.613860
RMT2,AFT1,1.307987
RNA1,TEC1,0.218356
RNA1,YRM1,7.223993
RNH202,RIM101,0.282604
RNH202,STE12,0.212234
RNH203,CIN5,1.848045
RNH203,MSN2,0.386606
RNH203,STE12,0.724714
RNQ1,RAP1,0.861039
RNQ1,STE12,1.047794
RNR1,ECM22,0.441280
RNR1,MBP1,-0.078549
RNR1,MCM1,1.186508
RNR1,SWI4,1.474503
RNR2,RAP1,4.011206
RNR4,RAP1,0.493189
RNR4,STE12,3.400826
RNR4,TUP1,1.416308
RNR4,YOX1,0.735840
RNT1,STE12,0.501339
ROG1,ABF1,0.356791
ROG3,YAP1,0.209910
ROK1,PDR1,0.824402
ROM1,YOX1,0.173660
ROT1,ABF1,1.343109
ROT2,ACE2,0.522077
ROT2,STE12,0.771242
ROX1,STE12,0.019166
ROX1,YAP1,0.172801
ROX3,MCM1,0.799123
ROX3,RAP1,1.046336
RPA135,ADR1,0.323585
RPA135,CBF1,3.228007
RPA135,MSN2,3.324618
RPA135,PDR1,1.524192
RPA14,ABF1,1.991062
RPA14,ACE2,1.283146
RPA190,MCM1,4.765325
RPA190,MSS11,3.749267
RPA34,ACE2,0.078424
RPA34,GCN4,0.400103
RPA34,HSF1,0.468987
RPA43,MCM1,3.188054
RPB11,AFT1,2.326695
RPB2,ABF1,0.896390
RPB2,REB1,0.831554
RPB4,MSN2,3.145478
RPB4,STE12,3.250082
RPB5,SFP1,10.981333
RPB7,ABF1,0.370254
RPB8,MSN2,11.069306
RPC25,ABF1,0.783652
RPC25,SKO1,0.683603
RPC40,RAP1,3.369492
RPE1,ABF1,3.655972
RPF1,CAD1,2.745196
RPH1,STE12,0.516889
RPL10,RAP1,8.122479
RPL10,YAP1,22.173642
RPL25,IFH1,22.033471
RPL25,MSN2,26.735434
RPL25,RAP1,8.799988
RPL28,IFH1,2.697173
RPL28,RAP1,28.941465
RPL28,TUP1,50.947850
RPL29,IFH1,19.237879
RPL29,PHD1,9.625519
RPL29,RAP1,10.866801
RPL3,ABF1,10.535534
RPL3,GCR1,29.387354
RPL3,MSN2,48.338710
RPL3,PHD1,21.378253
RPL3,RAP1,19.339041
RPL30,RAP1,28.929948
RPL30,SFP1,14.826117
RPL30,TUP1,35.876923
RPL32,IFH1,32.488859
RPL32,RAP1,14.273628
RPL32,SFP1,62.294584
RPL38,IFH1,12.804765
RPL38,RAP1,22.151525
RPL39,FKH1,0.697881
RPL39,IFH1,63.848272
RPL5,IFH1,26.410525
RPL5,PHO2,36.093408
RPL5,RAP1,17.022627
RPL5,SFP1,13.329239
RPM2,YAP1,0.114727
RPN10,ABF1,3.529341
RPN10,MSN2,0.793309
RPN11,RAP1,1.160549
RPN11,RPN4,1.113410
RPN12,ASH1,0.279597
RPN14,MSN2,0.893678
RPN2,MSN2,0.399459
RPN2,RPN4,4.244707
RPN3,RPN4,3.403480
RPN4,HSF1,0.778817
RPN5,RPN4,3.215114
RPN6,RPN4,3.327357
RPN7,MCM1,0.638610
RPN7,ROX1,1.380344
RPN7,RPN4,1.892505
RPN8,ABF1,0.135095
RPN8,RPN4,2.198761
RPN9,RPN4,2.575934
RPO21,RAP1,0.396241
RPO21,YRM1,0.717546
RPO31,ABF1,1.093622
RPO31,YRM1,0.343834
RPP0,ABF1,18.515904
RPP0,CIN5,25.411262
RPP0,RAP1,30.622390
RPS12,IFH1,74.690520
RPS12,RAP1,53.584950
RPS13,RAP1,3.794009
RPS13,YAP1,19.566828
RPS15,RAP1,13.491025
RPS15,TUP1,31.534323
RPS2,RAP1,17.804271
RPS2,TUP1,40.213596
RPS20,IFH1,16.489827
RPS20,RAP1,14.417640
RPS20,SFP1,5.057916
RPS3,GCN4,1.926060
RPS3,HMO1,3.986001
RPS3,YAP1,8.848443
RPS31,IFH1,72.605916
RPS31,RAP1,41.574666
RPS31,SFP1,78.824017
RPS5,IFH1,25.782671
RPS5,RAP1,20.788966
RPS5,SFP1,74.907947
RPT1,RPN4,2.564788
RPT2,REB1,4.368103
RPT3,RPN4,2.773919
RPT4,RPN4,3.065609
RPT5,RPN4,2.527893
RPT6,RPN4,4.102784
RRB1,YOX1,1.927944
RRN11,STE12,0.746338
RRN6,STE12,0.639487
RRP12,ABF1,1.454267
RRP12,SPT23,1.338644
RRP14,AFT1,2.200229
RRP36,REB1,0.822698
RRP6,CBF1,3.314966
RRP7,SOK2,0.994230
RRT13,SOK2,0.274505
RRT14,CBF1,5.000678
RRT8,MSN2,0.158500
RRT8,SKN7,1.035256
RSC2,ABF1,0.554309
RSF2,ABF1,0.261829
RSF2,SOK2,0.328935
RSF2,STE12,0.104472
RSF2,TEC1,0.241672
RSM10,TEC1,0.265730
RSM10,TUP1,0.621216
RSM26,ECM22,1.423870
RSM7,MSN2,1.689726
RSM7,TEC1,0.977221
RSN1,MSN2,0.755088
RSN1,RAP1,1.436833
RSP5,ACE2,0.096452
RSP5,MBP1,0.068053
RSP5,RAP1,0.355219
RSR1,STE12,0.372000
RSR1,TEC1,0.538740
RTC3,FKH1,-0.050211
RTC3,PDR1,0.104650
RTC3,YAP1,0.186937
RTC6,SFP1,2.650074
RTG2,GCN4,0.098430
RTG2,YAP1,0.018764
RTG3,GCN4,0.018493
RTK1,GCN4,0.021928
RTK1,YAP1,0.002234
RTN1,ABF1,2.111001
RTN1,RAP1,0.947335
RTS3,CIN5,0.043534
RTS3,GCN4,0.032332
RTS3,PDR1,-0.042322
RTS3,YAP1,-0.042809
RTT107,INO4,0.310216
RUP1,ACE2,0.060848
RUP1,PDR1,0.321183
RUP1,STE12,0.664139
RVB1,MCM1,2.168852
RVB2,MCM1,2.775681
RVS167,RAP1,4.156547
RXT2,ABF1,0.279886
RXT3,SFP1,1.897960
SAC7,SOK2,0.530015
SAF1,SOK2,0.360074
SAG1,STE12,0.354429
SAM1,MET31,2.140466
SAM1,MET32,1.422785
SAM1,MET4,2.940735
SAM1,RAP1,1.042507
SAM1,SOK2,0.975080
SAM2,CBF1,0.359637
SAM2,MET31,4.220749
SAM2,MET32,0.267276
SAM3,SOK2,4.390963
SAM3,YHP1,4.958233
SAM35,MSN2,2.194391
SAM4,GCN4,0.053447
SAP155,STE12,0.421372
SAP155,YRM1,0.219762
SAS4,YAP1,0.140962
SAT4,STE12,2.904221
SBA1,MSN2,29.745426
SBH1,ACE2,4.348499
SBH2,CIN5,15.063980
SBP1,CIN5,4.059580
SBP1,GCR1,3.664614
SCC2,TEC1,0.673121
SCD6,ABF1,1.380949
SCH9,CIN5,2.048009
SCL1,RPN4,4.072946
SCM4,SOK2,0.528021
SCO1,MSN2,1.232536
SCO2,STE12,0.680882
SCP1,RAP1,1.158727
SCP160,ACE2,1.568856
SCP160,STE12,6.223134
SCS2,RAP1,4.273368
SCS2,STE12,5.541076
SCS22,ABF1,0.682558
SCS3,ASH1,0.036184
SCS3,GCN4,0.037572
SCS7,OAF3,1.988703
SCT1,ABF1,1.445645
SCT1,HSF1,1.419604
SCW10,ASH1,1.477628
SCW10,PHD1,5.850716
SCW10,SOK2,2.320162
SCW10,STE12,0.349539
SCW10,TEC1,0.081648
SCW10,YAP1,1.262353
SCW4,PHD1,0.186410
SCW4,RAP1,2.897835
SCW4,SOK2,5.638232
SDA1,ADR1,1.350521
SDA1,PDR1,2.612981
SDC25,HAP2,0.696086
SDS23,MSN2,0.351373
SDS23,RAP1,0.633146
SEC10,SFP1,2.435163
SEC11,ABF1,3.745369
SEC14,ABF1,3.197378
SEC16,SFP1,4.292037
SEC18,ABF1,1.206382
SEC2,STE12,0.017825
SEC2,YRM1,0.836438
SEC21,TEC1,3.468081
SEC22,RAP1,1.416733
SEC31,MSN2,2.823415
SEC31,RAP1,2.461241
SEC61,REB1,5.258047
SEC72,ABF1,1.483163
SEC8,FLO8,0.565212
SEC8,OTU1,0.286985
SED1,MOT3,12.629016
SED1,RAP1,2.597307
SED1,SWI4,-13.704422
SED1,YAP1,17.043807
SED1,YOX1,-3.655341
SEH1,PHO4,3.710127
SEM1,STE12,6.566142
SEN2,MET31,0.853041
SER1,GCN4,0.271986
SER1,SOK2,0.996783
SER1,YAP1,0.297133
SER3,ACE2,0.105970
SER3,IXR1,0.015566
SER3,STE12,0.067463
SER3,SWI6,0.232964
SER33,CBF1,2.972422
SER33,MET32,0.896935
SES1,CBF1,4.463219
SES1,PHO2,13.407869
SET2,ABF1,0.365784
SET2,STE12,0.475317
SET3,ABF1,0.254669
SEY1,CAD1,2.018746
SFA1,YAP1,0.986733
SFB3,CBF1,2.562467
SFB3,MCM1,2.164803
SFG1,ECM22,0.465889
SFG1,RAP1,0.084873
SFG1,TEC1,-0.106636
SFH5,ABF1,1.221883
SFH5,STE12,0.815511
SFH5,TEC1,0.081619
SFK1,HAP1,0.111150
SFK1,HSF1,0.193444
SFP1,RAP1,0.145559
SFP1,TEC1,0.152046
SFT1,PHO2,1.468456
SFT1,TEC1,0.643031
SFT2,GCN4,0.094447
SGE1,MSN2,0.785713
SGE1,TEC1,0.092298
SGO1,RAP1,0.313427
SGT1,ABF1,0.870616
SGT2,HSF1,5.574204
SGT2,RPN4,4.376005
SHE10,ACE2,0.789853
SHE10,MSN2,1.713439
SHE3,STE12,1.714217
SHM1,STE12,11.872096
SHM2,ABF1,4.807448
SHM2,BAS1,3.759799
SHO1,STE12,1.336019
SHO1,TEC1,1.212883
SHR5,RAP1,0.497196
SHU1,STE12,0.331806
SHY1,SOK2,0.310224
SIC1,ACE2,1.372604
SIF2,STE12,0.653696
SIL1,HAC1,0.031370
SIL1,STE12,0.183475
SIL1,TEC1,0.019535
SIM1,ASH1,-0.220369
SIM1,SOK2,0.794539
SIM1,SWI4,4.302673
SIM1,TEC1,3.335529
SIM1,TUP1,1.108643
SIN4,CIN5,2.194391
SIP1,ABF1,0.551942
SIP2,RAP1,0.198859
SIR1,TEC1,0.186860
SIR1,TUP1,0.144337
SIS1,HSF1,1.673455
SIS1,SPT23,1.307384
SIS2,ABF1,1.279690
SIZ1,RAP1,0.291198
SKG6,MBP1,0.001533
SKG6,STE12,0.973495
SKI6,ABF1,0.796243
SKI6,HSF1,0.371342
SKI7,YRM1,0.484692
SKM1,ASH1,0.150804
SKN1,MCM1,0.276344
SKN1,RAP1,0.186989
SKN7,DAL82,0.463560
SKN7,SOK2,0.393093
SKP2,GCN4,0.027473
SKP2,YRM1,0.023523
SKS1,SOK2,0.422309
SKS1,TEC1,0.428919
SKY1,ABF1,0.966431
SLA1,ABF1,1.630466
SLA1,MSN2,0.997849
SLD5,RAP1,0.311951
SLG1,RAP1,0.292525
SLM3,RAP1,0.297893
SLM4,RAP1,0.763181
SLM4,SOK2,0.228630
SLM4,TEC1,0.712162
SLM5,RLM1,0.719885
SLT2,RLM1,4.229654
SLU7,STE12,0.376721
SLX4,STE12,0.342368
SMC1,LEU3,1.064556
SMC1,YHP1,0.080971
SMC2,STE12,0.984414
SMC3,HSF1,0.307276
SMD2,STE12,0.501424
SMD3,STE12,1.466198
SMF2,ABF1,0.908601
SMF3,AFT1,1.404933
SMF3,MCM1,1.286425
SML1,STE12,20.842955
SMP3,AFT1,0.277568
SMT3,CIN5,2.422716
SMT3,GCN4,0.322556
SMT3,SOK2,4.011751
SMX2,ABF1,1.035506
SMX3,MSN2,3.725226
SMY1,ASH1,0.079976
SNA2,ABF1,0.434659
SNA2,ACE2,0.397178
SNA2,SOK2,0.096086
SNA3,CBF1,0.618641
SNA3,FHL1,2.957928
SNA3,INO4,3.423553
SNC2,CIN5,6.567917
SNF11,SOK2,0.324781
SNF11,STE12,0.362035
SNF2,RLM1,3.602036
SNF4,RAP1,1.998324
SNF6,MCM1,0.975813
SNF6,STE12,1.120624
SNG1,HSF1,0.268692
SNL1,STE12,3.647685
SNP1,STE12,0.354087
SNQ2,ACE2,-0.284693
SNQ2,GCN4,0.180326
SNQ2,YOX1,0.505888
SNT1,INO4,0.882941
SNT309,STE12,0.960700
SNU56,STE12,0.423624
SNX4,STE12,0.637660
SNZ1,GCN4,0.048598
SOD1,ABF1,0.161181
SOD1,YAP1,23.557456
SOD2,YAP1,2.097472
SOF1,ABF1,0.767908
SOH1,MSN2,1.532730
SOK1,YRM1,1.198107
SOK2,STE12,0.081494
SOK2,TEC1,0.306688
SOK2,TUP1,0.380362
SOL1,SKO1,0.482641
SOM1,CIN5,0.158416
SOM1,STE12,0.418680
SOP4,RAP1,2.769172
SPB1,ABF1,0.219791
SPB1,REB1,0.946116
SPB1,STE12,0.406599
SPB1,YOX1,0.114942
SPC2,FLO8,3.994818
SPE2,CBF1,0.933651
SPE2,RAP1,0.454436
SPG5,BAS1,1.031242
SPI1,MCM1,0.330121
SPI1,SOK2,0.109285
SPO12,YOX1,0.439922
SPO14,STE12,0.593434
SPO14,TEC1,0.147751
SPO73,FHL1,1.592183
SPO73,STE12,3.187095
SPP2,STE12,0.825107
SPP41,ABF1,0.642993
SPS18,SUM1,0.162609
SPT15,YAP1,1.357047
SPT2,STE12,0.890456
SPT20,RAP1,0.268488
SPT21,MBP1,0.253668
SPT7,STE12,1.295407
SPT8,STE12,1.717598
SRL1,CIN5,1.008826
SRL1,SWI4,2.601409
SRL1,SWI6,2.408298
SRL1,TEC1,6.365893
SRL3,STE12,0.464586
SRL3,TEC1,0.334682
SRM1,TUP1,2.725953
SRO77,STE12,1.158339
SRP1,ABF1,1.249566
SRP1,BAS1,0.680870
SRP40,RAP1,1.179595
SRP40,STE12,0.260479
SRP40,SWI4,0.141869
SRY1,ABF1,0.561582
SSA1,ABF1,5.306379
SSA1,RAP1,5.082585
SSA1,YAP1,5.239382
SSA2,HSF1,1.835530
SSA2,STE12,7.725805
SSA2,YAP1,12.627450
SSA3,HSF1,0.613697
SSA3,RAP1,0.243352
SSA4,SOK2,0.095174
SSA4,YAP1,0.275379
SSB1,ABF1,4.087419
SSB1,RAP1,15.879144
SSB1,TYE7,8.658788
SSB2,YOX1,18.918933
SSC1,ABF1,3.780479
SSC1,HSF1,1.128459
SSD1,MSN2,0.219786
SSD1,RAP1,0.855427
SSE1,ABF1,7.787722
SSE1,HSF1,8.268588
SSE2,ABF1,0.132636
SSE2,CIN5,0.143923
SSE2,GZF3,0.635452
SSE2,HSF1,0.049165
SSF2,ABF1,0.883485
SSF2,RAP1,0.266457
SSH1,ABF1,9.050061
SSK1,MSN2,0.269729
SSK1,STE12,0.228675
SSL1,RAP1,0.404071
SSL2,ABF1,0.467230
SSN3,STE12,0.594355
SSO1,MSN2,3.304322
SSO2,FKH1,0.226043
SSO2,STE12,1.750603
SSS1,IXR1,11.987308
SST2,RAP1,0.260637
SST2,STE12,0.556894
SSU1,GCN4,0.055617
SSY1,TYE7,0.588036
SSZ1,ABF1,9.255034
STB1,PHO4,0.391022
STB1,RAP1,0.217720
STB3,TEC1,0.430530
STB4,GCN4,0.038441
STB5,YAP1,0.105083
STB6,STE12,0.467230
STE12,MCM1,0.741401
STE12,TEC1,0.218295
STE13,STE12,0.399657
STE14,RFX1,5.877795
STE2,MCM1,0.380803
STE2,STP2,0.854957
STE2,YAP1,0.781780
STE20,SOK2,1.301763
STE23,YRM1,2.777697
STE4,STE12,4.119884
STE5,MSN2,0.469186
STE5,STP2,0.598032
STE6,MSN2,0.178009
STE6,STE12,0.439068
STE6,YHP1,0.574100
STE7,SOK2,0.496611
STF1,ABF1,0.649683
STF2,PDR1,1.187843
STI1,ABF1,1.930299
STI1,HSF1,1.202990
STI1,SPT23,0.075959
STI1,TUP1,1.185448
STM1,STE12,35.483560
STP1,ABF1,0.583439
STP22,MSN2,2.336108
STP3,STB5,4.610836
STP4,SOK2,0.035432
STP4,YAP1,0.108478
STR3,GCN4,0.021844
SUB2,GCR1,6.424954
SUB2,HAP2,5.010610
SUC2,MIG1,0.101660
SUC2,MIG2,0.558729
SUC2,MSN2,0.454317
SUL2,MET28,0.182575
SUL2,MET4,0.484341
SUM1,ABF1,0.838266
SUM1,STE12,0.723079
SUN4,GCR2,0.940272
SUN4,RAP1,0.131452
SUN4,STE12,0.330228
SUP35,ABF1,1.691436
SUP45,ABF1,6.887487
SUT1,SOK2,0.253250
SUT1,TEC1,0.090533
SUT1,YOX1,-0.020610
SUT2,SWI4,0.417957
SVL3,HSF1,1.091160
SVS1,MBP1,-0.614077
SVS1,TEC1,6.446568
SWE1,STE12,0.017902
SWE1,TEC1,0.931112
SWH1,STE12,1.581278
SWI3,ABF1,1.030256
SWI4,MCM1,0.256096
SWI4,STE12,0.318001
SWI5,FKH1,0.228876
SWI5,RAP1,0.303626
SWI6,STE12,1.107624
SWM1,RAP1,0.259962
SYC1,NRG1,0.613847
SYG1,MSN2,6.045424
TAD2,HAC1,0.020698
TAF11,ABF1,0.385969
TAF12,PHO2,0.766951
TAF12,STE12,0.521982
TAF14,ABF1,2.084473
TAF4,ABF1,1.090738
TAF6,YRM1,2.306643
TAF9,ABF1,1.663142
TAH11,ABF1,0.664974
TAH11,HSF1,0.461752
TAH18,YAP1,0.261280
TAT1,YAP1,1.308041
TAT2,MSN2,1.323045
TAT2,STE12,1.864601
TAX4,STE12,0.216088
TAX4,TEC1,0.078118
TBS1,STE12,0.290702
TBS1,TEC1,0.196942
TCB1,SOK2,2.033498
TCB1,TEC1,2.125230
TCB2,MSN2,1.485757
TCB2,SFP1,3.163327
TCM62,MSN2,1.080629
TCO89,STE12,0.977712
TCP1,ABF1,1.982543
TDH1,YAP1,0.540416
TDH2,ABF1,3.374343
TDH2,GCR2,15.082117
TDH2,RAP1,8.267279
TDH2,TYE7,13.096565
TDH3,ABF1,5.959907
TDH3,CIN5,25.363246
TDH3,GCN4,10.795520
TDH3,GCR1,-4.119256
TDH3,HSF1,2.423879
TEA1,GCN4,0.045842
TEC1,MSN2,0.281502
TEC1,SWI5,1.135247
TEF2,CIN5,0.689003
TEF2,GCN4,1.831134
TEF4,AFT1,12.213487
TEF4,RAP1,8.350517
TEN1,STE12,0.435000
TES1,ADR1,0.380770
TES1,STE12,0.301675
TFA1,RAP1,1.017695
TFA2,MSN2,2.265886
TFB1,ABF1,0.307078
TFB2,UGA3,1.105713
TFC1,STE12,0.922773
TFC3,MSN2,0.918678
TFC7,GCN4,0.042826
TFS1,YAP1,0.304188
TGL4,MSN2,1.437683
TGL4,STE12,0.638106
TGS1,YOX1,0.195013
THG1,STE12,1.004076
THI20,PDC2,0.900342
THI21,TEC1,0.240229
THI4,MSN2,0.228369
THI4,SKO1,0.255193
THI7,ASH1,0.014027
THI7,SOK2,0.308376
THI74,YAP1,0.174831
THI80,STE12,0.916771
THO1,CBF1,0.172666
THO1,RAP1,1.546429
THO2,STE12,1.039520
THP3,ABF1,0.484392
THR1,GCN4,0.452617
THR4,ABF1,0.068890
THR4,GCN4,0.294468
TID3,UME6,0.403745
TIF34,RAP1,5.299958
TIF35,ABF1,4.529865
TIF4631,SOK2,0.531610
TIF4631,STE12,1.582570
TIF4632,YRM1,1.337197
TIM10,CIN5,0.654275
TIM10,RGT1,4.439070
TIM10,TYE7,0.760154
TIM11,CIN5,3.494864
TIM13,RAP1,1.664938
TIM18,ABF1,0.376085
TIM21,RAP1,0.620116
TIM21,TUP1,0.019602
TIM23,ABF1,5.137298
TIM23,ACE2,1.905244
TIM44,RAP1,2.208299
TIM50,OAF1,8.010887
TIM8,RAP1,2.060253
TIP1,MCM1,0.485619
TIP1,PHD1,-1.125309
TIP1,SPT23,1.408596
TIP1,TUP1,2.300685
TIP20,ARG81,0.413779
TIP41,GCN4,0.052274
TIP41,HSF1,0.068692
TIP41,RAP1,-0.260748
TIR1,PHD1,0.996458
TIR1,RAP1,0.142722
TIR1,YRM1,0.368005
TIR4,YAP1,0.127824
TIS11,AFT1,0.175574
TIS11,PUT3,0.047803
TKL1,AFT1,1.833522
TKL1,CIN5,1.738095
TKL1,REB1,6.031386
TKL1,SOK2,1.631718
TMA10,GCN4,0.035363
TMA108,STE12,2.640711
TMA17,CAD1,0.546553
TMA17,FKH2,0.253588
TMA20,ABF1,2.364563
TMA46,ABF1,2.122225
TMN3,YRM1,0.791002
TNA1,SUM1,1.624544
TOF1,YOX1,0.359281
TOM1,MSN2,2.364612
TOM1,STE12,2.322814
TOM7,TYE7,3.674825
TOS1,ABF1,3.621185
TOS1,STE12,8.986457
TOS1,TEC1,5.767090
TOS2,STE12,0.163221
TOS2,TEC1,0.382258
TOS3,SWI6,0.237551
TOS3,TEC1,0.080698
TOS6,ASH1,1.988357
TOS6,SWI4,0.960312
TOS6,SWI6,1.096623
TPD3,ROX1,2.468642
TPI1,GCR1,30.812193
TPI1,RAP1,46.292279
TPK1,YAP1,0.228240
TPK2,MSN2,0.591870
TPM1,ACE2,6.295300
TPM1,RAP1,7.278924
TPM2,ABF1,1.439194
TPN1,GCN4,0.121084
TPO1,PDR1,0.685625
TPO1,SOK2,0.160708
TPO1,YRM1,0.615829
TPO3,MSN2,0.438893
TPO3,SOK2,0.521535
TPO3,TEC1,-0.085909
TPO4,MSN2,0.097881
TPO4,PDR1,0.698783
TPS1,MSN2,2.895655
TPS1,OAF1,1.775563
TPS2,PDR3,1.780847
TPS2,SOK2,0.367645
TPS3,ACE2,0.662119
TPS3,MSN2,0.435040
TPT1,SUM1,0.403174
TRE1,CBF1,1.699207
TRE2,STE12,1.167226
TRK2,YRM1,0.989446
TRM11,GCN4,0.111880
TRM12,INO4,0.422507
TRM12,MCM1,0.251718
TRM2,SWI6,1.190559
TRM5,RAP1,0.485761
TRP1,PHO4,3.223747
TRP2,GCN4,0.320553
TRP3,ABF1,0.385858
TRP3,GCN4,0.100863
TRP4,GCN4,0.070522
TRP4,YAP1,0.280787
TRP5,GCN4,0.559101
TRR1,YAP1,4.285195
TRS20,GCN4,0.033069
TRS31,STE12,1.096417
TRX2,CIN5,1.352831
TRX2,YAP1,4.609485
TRZ1,BAS1,1.025149
TSA1,SKN7,3.794572
TSA1,YAP1,13.408267
TSA2,YAP1,0.177650
TSC10,YOX1,0.799193
TSL1,HSF1,0.241874
TSL1,SWI4,0.198305
TSR1,SWI5,1.708793
TSR2,YAP1,0.605609
TTI1,RAP1,0.297160
TUB4,STE12,1.347274
TVP15,REB1,1.610866
TVP23,ARG81,0.038043
TVP23,GCN4,0.057995
TYE7,GCR2,0.096716
TYE7,MCM1,0.115887
TYE7,SWI4,0.213142
TYE7,YAP1,0.082754
TYR1,ABF1,0.497514
TYS1,GCN4,0.283622
TYW1,HAP2,4.322427
TYW3,STE12,1.630522
UBA1,MSN2,0.771853
UBA1,RPN4,1.657176
UBA4,ABF1,0.672731
UBC12,CIN5,0.720517
UBC4,HSF1,4.479607
UBC4,SOK2,2.150667
UBC8,AFT1,0.569894
UBC8,ASH1,0.012929
UBC8,STE12,0.248794
UBI4,HSF1,0.990374
UBI4,UME6,2.029032
UBP10,FHL1,2.930515
UBP13,STE12,1.429538
UBP14,ABF1,0.208005
UBP15,YRM1,0.945019
UBP16,STE12,0.364280
UBP3,STE12,3.229277
UBP6,ABF1,1.323941
UBP6,RPN4,2.747888
UBR2,ABF1,0.273234
UBX2,ABF1,0.172442
UBX2,RAP1,0.324619
UBX3,HSF1,0.198949
UBX5,ABF1,0.417664
UBX6,ADR1,0.079406
UBX6,SOK2,0.168071
UBX6,STE12,0.112727
UBX6,TEC1,0.084185
UFD1,MCM1,0.535340
UFD1,RPN4,0.319303
UFD2,ABF1,0.820467
UFD4,RAP1,0.867821
UFD4,RPN4,0.202599
UFE1,MAL33,1.250663
UFO1,YAP1,0.297090
UGA1,DAL81,1.595608
UGA1,UGA3,0.381276
UGA2,GLN3,0.892044
UGA3,GCN4,0.033069
UGO1,PDR1,0.223921
UGO1,STE12,0.286063
UGP1,HSF1,2.895056
UGP1,SKO1,4.396599
UIP3,MSN2,0.544051
UIP3,SOK2,0.012863
UIP3,STE12,1.032889
UIP5,SKN7,1.237791
ULP2,UME6,0.825753
ULS1,RAP1,0.736432
UME6,LEU3,0.972186
UME6,MSN2,0.273048
UNG1,YRM1,0.845616
UPS2,INO4,0.637243
UPS2,STE12,0.526559
URA1,MSN2,4.435679
URA1,RTG3,6.253231
URA1,SWI6,22.783277
URA4,CIN5,1.278832
URA4,MSN2,3.903535
URA4,STE12,9.355718
URA6,MSN2,6.725109
URA8,INO4,1.318278
URA8,SOK2,0.480795
URB1,ABF1,1.425062
URN1,MET32,0.193411
URN1,STE12,0.297242
USE1,STE12,0.338368
UTH1,ACE2,5.441188
UTH1,ASH1,-0.673821
UTH1,RAP1,4.314960
UTH1,RDS2,18.230205
UTH1,SOK2,0.319802
UTP10,YAP1,1.357778
UTP13,ABF1,1.178853
UTP13,YHP1,0.007360
UTP20,YAP1,1.041620
UTP20,YOX1,0.248114
UTP22,STE12,0.848171
UTP22,YRM1,1.399483
UTP23,CIN5,3.729748
UTP25,ABF1,0.467863
UTP25,UME6,0.362587
UTP25,YAP1,0.186784
UTP4,FKH1,1.568344
UTP5,SWI5,6.223187
UTP6,TUP1,17.212902
UTP9,ABF1,1.498450
UTR2,RLM1,-1.063928
UTR2,SOK2,-0.338360
UTR2,TEC1,-1.217097
UTR2,YAP1,2.885095
UTR4,PHD1,0.125322
UTR4,STB5,5.042631
VAC17,CHA4,0.329957
VAC17,FKH1,0.020194
VAC7,TEC1,0.546858
VAM3,SOK2,0.344242
VAS1,GCN4,0.407085
VBA1,GLN3,1.730322
VBA1,TEC1,0.329995
VBA2,ABF1,0.281678
VBA2,MET32,0.136407
VCX1,RAP1,0.689999
VCX1,STE12,0.473298
VHR1,GCN4,0.016622
VHR1,PDR1,-0.020919
VHS2,YRM1,0.694047
VHS3,STE12,0.713066
VID24,RAP1,0.396147
VID24,RDS2,0.050074
VID27,YAP1,0.286579
VID30,ACE2,0.325873
VIP1,CBF1,3.306378
VMA1,TUP1,8.984127
VMA13,GCN4,0.445808
VMA16,REB1,5.925079
VMA5,TYE7,4.934351
VMA6,RAP1,3.218220
VMS1,STE12,0.825399
VPS33,ABF1,0.373181
VPS36,MSN2,0.089056
VPS36,STE12,0.490174
VPS36,TEC1,0.371816
VPS38,TEC1,0.454279
VPS4,YAP3,5.443369
VPS55,ARR1,3.780302
VPS60,ABF1,0.084790
VPS60,GCN4,0.054384
VPS62,HSF1,0.589806
VPS63,ABF1,0.961459
VPS71,MBP1,0.181999
VPS71,TEC1,0.126434
VPS73,STE12,0.642345
VPS74,CST6,1.767968
VRG4,ABF1,3.589991
VRG4,RAP1,0.769686
VRP1,RAP1,1.000903
VTC1,PHO4,6.144809
VTC2,CBF1,4.863103
VTC2,PHO4,1.465232
VTC3,AFT1,0.694444
VTC3,BAS1,0.248472
VTC3,MET32,0.173113
VTC4,PHO4,4.044073
VTI1,STE12,1.109320
VTS1,RAP1,0.508941
WAR1,GCN4,0.015117
WHI2,YAP1,0.966520
WSC2,CIN5,0.451894
WSC2,STE12,0.814233
WSC2,TEC1,2.318263
WSC3,TEC1,0.623323
WTM1,ACE2,0.117853
WTM1,GCN4,0.184741
WTM2,CBF1,0.999447
XDJ1,MSN2,0.281102
XDJ1,STE12,0.603596
YAH1,GCN4,0.071865
YAK1,MSN2,1.976271
YAP1,RAP1,0.651036
YAP1,RPN4,0.876609
YAP1,SKN7,1.252207
YAP1801,GCN4,0.045936
YAP1802,STE12,1.942944
YAP3,MCM1,0.356998
YAP3,STE12,0.263019
YAP6,CIN5,0.113715
YAP6,MSN2,0.061559
YAP6,PDR1,0.065514
YAP6,TUP1,0.133347
YAR028W,ABF1,0.101698
YAR028W,SOK2,0.083207
YAR028W,TUP1,0.080237
YAR1,HSF1,1.279063
YAT1,SOK2,0.103567
YAT1,STE12,0.493089
YBL010C,OTU1,0.877751
YBL028C,CIN5,0.550229
YBL028C,YAP1,1.043108
YBL029W,MET31,0.124678
YBL029W,SOK2,0.148097
YBL029W,TEC1,0.023078
YBL036C,CBF1,5.473773
YBL059W,STE12,0.570861
YBL077W,UME6,0.540582
YBL081W,RAP1,0.755295
YBP1,YRM1,0.566224
YBP2,GCN4,0.033857
YBR012C,MOT3,0.505770
YBR053C,RDS2,0.810149
YBR053C,SOK2,0.104851
YBR053C,STE12,1.011086
YBR056W,MSN2,1.701999
YBR056W,YOX1,0.231886
YBR071W,ASH1,0.009414
YBR071W,MBP1,0.010849
YBR071W,SWI5,1.404315
YBR074W,YRM1,2.460996
YBR096W,ABF1,1.877734
YBR138C,STE12,0.571221
YBR139W,FKH1,0.934586
YBR139W,FLO8,1.329541
YBR219C,FHL1,0.225001
YBR219C,SOK2,0.263549
YBR220C,STE12,0.996709
YBR225W,STE12,0.391604
YBR241C,CIN5,0.232390
YBR241C,STE12,0.333009
YBR241C,YAP1,0.029068
YBT1,GCN4,0.088381
YCF1,YAP1,1.733904
YCH1,ABF1,0.280614
YCH1,BAS1,0.050016
YCH1,RAP1,0.322435
YCH1,STE12,0.436453
YCK1,ASH1,0.043411
YCK1,MSN2,2.134905
YCK2,ACE2,1.011517
YCK2,RAP1,1.271914
YCR015C,STE12,0.395460
YCR023C,GCN4,0.046201
YCR061W,PDR1,0.196375
YCR061W,STE12,0.156716
YCR061W,TEC1,0.046501
YCR102C,YAP1,0.123624
YCS4,MSN2,0.311231
YCS4,STE12,0.997806
YDJ1,CBF1,2.906174
YDJ1,HSF1,7.621428
YDL012C,ABF1,1.839599
YDL027C,YRM1,0.419755
YDL119C,SWI5,0.805550
YDL121C,TYE7,0.405524
YDL121C,YAP1,0.652222
YDL124W,YAP1,1.945333
YDL124W,YOX1,-0.004781
YDL144C,RPN4,1.184372
YDL176W,ARG81,0.444470
YDL180W,YAP1,0.454173
YDL183C,YAP1,0.137790
YDL241W,YAP1,0.264749
YDR029W,ABF1,0.303784
YDR029W,REB1,0.034702
YDR089W,YAP1,0.301827
YDR090C,GLN3,0.457874
YDR094W,RAP1,0.466960
YDR094W,YRM1,2.270482
YDR115W,CBF1,3.801353
YDR124W,STE12,0.399049
YDR132C,TEC1,0.027403
YDR132C,YAP1,0.115287
YDR133C,RIM101,2.638225
YDR134C,PDR1,1.351074
YDR134C,SWI4,2.192762
YDR154C,HSF1,25.632023
YDR154C,RPH1,2.807375
YDR157W,ABF1,0.770710
YDR186C,RAP1,0.881629
YDR186C,TEC1,0.284968
YDR210W,HAP2,2.606512
YDR210W,MSN2,0.280111
YDR210W,TEC1,0.337338
YDR222W,SWI4,0.703242
YDR249C,MSN2,0.137199
YDR249C,STE12,0.294776
YDR249C,TEC1,0.067587
YDR262W,YAP6,3.754405
YDR282C,SFP1,0.650043
YDR282C,STE12,0.136733
YDR338C,CIN5,0.638474
YDR341C,GCN4,0.319794
YDR391C,RAP1,0.547677
YDR476C,ABF1,1.407117
YDR541C,RAP1,0.327061
YEA6,ACE2,0.393626
YEF3,RAP1,55.855221
YEF3,STE12,32.145063
YEH1,RFX1,2.126729
YEL025C,STE12,0.566224
YEL043W,CBF1,0.016359
YEL043W,RAP1,0.530181
YEL043W,STE12,0.529838
YEL1,STE12,0.678900
YEN1,ABF1,0.307473
YER034W,STE12,0.727933
YER077C,ACE2,0.444716
YER079W,YAP1,0.144374
YER130C,SOK2,0.617014
YER137C,STE12,0.651329
YER137C,TEC1,0.012036
YER152C,ACE2,0.747349
YER152C,SKN7,2.193226
YER156C,AFT1,2.951820
YER160C,STE12,7.719321
YER188W,ABF1,0.071593
YER188W,STE12,0.225764
YET3,FHL1,7.356784
YFL034W,RAP1,0.376721
YFL040W,SUM1,0.161913
YFR006W,YRM1,1.689244
YFR018C,RAP1,2.561634
YFR039C,STE12,1.010810
YGK3,RAP1,0.336945
YGL010W,RPN4,0.406050
YGL036W,HSF1,0.374555
YGL039W,MSN2,0.442002
YGL039W,STE12,0.788085
YGL052W,STE12,1.197448
YGL072C,PUT3,0.229659
YGL072C,STE12,0.181196
YGL081W,CIN5,0.378746
YGL088W,AFT1,0.311190
YGL088W,STE12,0.027418
YGL101W,STE12,0.846510
YGL102C,STE12,2.097446
YGL108C,DAL82,1.056854
YGL114W,ABF1,0.603601
YGL114W,YAP1,0.252641
YGL117W,GCN4,0.022846
YGL140C,SWI5,1.778393
YGL159W,RAP1,0.140994
YGL159W,STE12,0.425825
YGL188C,RAP1,0.634578
YGL188C,STE12,0.304098
YGL193C,STE12,0.446150
YGP1,SOK2,-0.668292
YGP1,STE12,-0.415168
YGP1,TEC1,-0.555467
YGP1,YAP1,1.089353
YGR011W,YAP1,0.195916
YGR012W,STE12,0.886400
YGR021W,FHL1,0.736118
YGR035C,ABF1,0.113094
YGR035C,PDR1,0.027494
YGR035C,SOK2,0.184212
YGR035C,SWI4,0.031363
YGR050C,GCN4,0.026753
YGR054W,RAP1,2.696411
YGR079W,SOK2,1.141713
YGR117C,RAP1,0.438173
YGR117C,SFP1,0.126626
YGR122W,MSN2,0.229047
YGR122W,STE12,0.234747
YGR122W,TEC1,0.093647
YGR125W,SOK2,1.124331
YGR127W,CBF1,0.975632
YGR130C,SOK2,0.711057
YGR149W,MSN2,0.421515
YGR149W,SKO1,0.127177
YGR149W,SOK2,0.383414
YGR151C,STE12,1.018407
YGR153W,STE12,0.260026
YGR153W,TEC1,0.154853
YGR164W,STE12,0.367162
YGR182C,DAL82,2.022637
YGR210C,HSF1,2.591313
YGR250C,HSF1,0.453856
YGR250C,SWI4,-0.050074
YGR266W,HAP1,2.758760
YGR283C,YHP1,0.504666
YHB1,ACE2,0.294819
YHB1,TEC1,0.482728
YHB1,YAP1,0.536390
YHI9,GCN4,0.043219
YHL008C,MCM1,0.166614
YHL008C,STE12,0.383740
YHL012W,ACE2,0.170755
YHL012W,PDR1,0.052970
YHL012W,YOX1,0.066182
YHL026C,SOK2,0.481208
YHL044W,TEC1,0.001557
YHL044W,YAP1,0.113507
YHM2,STE12,6.979239
YHP1,RAP1,0.046633
YHP1,SOK2,0.031923
YHP1,STE12,0.140527
YHP1,SWI4,0.464304
YHP1,TEC1,0.111434
YHR020W,GCN4,0.377151
YHR033W,FHL1,0.384999
YHR033W,MET4,0.169918
YHR033W,MSN2,0.005306
YHR033W,SOK2,0.098303
YHR080C,MSN2,1.565980
YHR097C,RAP1,0.162208
YHR097C,SOK2,0.161494
YHR097C,STE12,0.331812
YHR112C,MET32,0.655010
YHR112C,MET4,0.650857
YHR127W,STE12,0.813810
YHR138C,AFT1,0.497636
YHR202W,SOK2,1.028897
YIL001W,RAP1,0.218035
YIL055C,INO4,0.150874
YIL055C,TUP1,0.150707
YIL055C,YRM1,0.034586
YIL067C,STE12,1.198203
YIL077C,MCM1,0.745764
YIL096C,MSN2,1.110142
YIL096C,TEC1,0.226708
YIL108W,SKO1,1.960497
YIL165C,GCN4,0.022773
YIP1,REB1,4.080429
YIP4,REB1,1.939232
YIR014W,SOK2,0.068691
YIR014W,YRM1,0.371894
YIR016W,MSN2,1.282428
YJL016W,MSN2,1.183770
YJL055W,ZAP1,7.281271
YJL068C,ABF1,0.826008
YJL068C,RPH1,2.177778
YJL144W,HSF1,0.187204
YJL171C,MSN2,1.958941
YJL218W,RAP1,0.333054
YJR003C,YOX1,0.274951
YJR011C,YAP1,0.111589
YJR111C,GCN4,0.061682
YJR115W,ABF1,0.043353
YJR115W,SOK2,0.073188
YJR115W,STE12,0.246181
YJR120W,STE12,0.709524
YJU3,ABF1,0.981362
YKL063C,ABF1,0.103770
YKL063C,SOK2,0.733834
YKL091C,PDR1,0.137202
YKL091C,SOK2,0.055524
YKL091C,STE12,0.139913
YKL151C,ACE2,0.400469
YKL151C,RAP1,0.184246
YKL162C,STE12,0.296907
YKR011C,REB1,0.308412
YKR011C,TEC1,0.150161
YKR040C,ACE2,1.255888
YKR047W,ABF1,0.589578
YKR075C,TUP1,0.008727
YKR075C,YAP1,0.141285
YKT6,RPN4,2.911935
YKU70,HAP5,0.589685
YLF2,ABF1,0.390845
YLL056C,SOK2,0.077472
YLL056C,YAP1,0.124309
YLL058W,MET32,0.152197
YLL058W,MET4,0.348453
YLR040C,STE12,0.343200
YLR042C,SOK2,-0.180297
YLR042C,STE12,0.372976
YLR042C,TEC1,0.905169
YLR049C,SWI5,1.835870
YLR050C,HSF1,0.307634
YLR050C,YOX1,0.203021
YLR076C,RAP1,0.495760
YLR076C,TUP1,0.097036
YLR108C,YAP1,0.869674
YLR112W,RAP1,0.720926
YLR118C,ABF1,0.909642
YLR126C,YRM1,1.687967
YLR152C,GCN4,0.024998
YLR173W,CBF1,0.729558
YLR177W,CAD1,1.068690
YLR179C,MET31,4.368044
YLR179C,MET32,5.943686
YLR179C,RAP1,5.637192
YLR194C,ACE2,2.197977
YLR194C,GCN4,0.056303
YLR202C,YRM1,0.596001
YLR252W,PDR1,0.068897
YLR252W,YAP1,0.075668
YLR253W,MSN2,0.615106
YLR253W,SKN7,1.665279
YLR257W,DAL81,2.100598
YLR257W,STE12,2.080469
YLR271W,RAP1,0.216200
YLR278C,YRM1,1.542315
YLR280C,RAP1,0.267093
YLR281C,YOX1,0.173317
YLR283W,MSN2,0.705804
YLR287C,STE12,1.726791
YLR294C,HAP2,2.998624
YLR326W,STE12,0.458555
YLR345W,YAP1,0.119716
YLR413W,YAP1,0.668291
YLR413W,YHP1,0.188297
YLR460C,YAP1,0.140962
YMC1,GCN4,0.093241
YMC2,GCN4,0.118349
YME1,STE12,0.435552
YML053C,MCM1,0.031393
YML053C,MSN2,1.019444
YML053C,RAP1,0.234364
YML108W,GCN4,0.111026
YML119W,MCM1,1.206854
YML131W,PDR1,0.174616
YML131W,SKO1,0.310763
YML131W,SOK2,0.303505
YML131W,YAP1,0.139134
YML6,MSN2,0.749954
YML6,SKO1,0.754601
YMR027W,RAP1,3.283817
YMR074C,STE12,3.123882
YMR090W,YAP1,0.189994
YMR1,INO4,0.078795
YMR1,YAP1,0.131335
YMR102C,MSN2,0.336468
YMR102C,PDR1,0.343014
YMR102C,SOK2,0.122126
YMR103C,PDR1,0.345064
YMR130W,BAS1,1.355943
YMR134W,ACE2,0.073446
YMR134W,YRM1,0.775506
YMR144W,SWI4,0.096330
YMR144W,YAP1,0.140097
YMR178W,RTG3,4.411997
YMR181C,FHL1,0.713979
YMR196W,GCN4,0.035453
YMR252C,ASH1,0.070953
YMR262W,MSN2,0.799734
YMR265C,SOK2,0.079748
YMR265C,STE12,0.326049
YMR265C,TEC1,0.031784
YMR295C,RAP1,1.829509
YMR31,CBF1,3.271205
YMR315W,ASH1,0.227717
YMR315W,YAP1,1.316087
YNG1,CIN5,1.666376
YNK1,CIN5,12.147319
YNL010W,RAP1,4.376024
YNL035C,MSN2,1.449018
YNL040W,SOK2,0.986104
YNL046W,FKH2,1.083116
YNL050C,SFP1,1.964575
YNL058C,ABF1,1.122617
YNL095C,RAP1,0.251147
YNL115C,CAD1,1.138027
YNL134C,HSF1,2.145634
YNL134C,PDR1,4.702091
YNL134C,YAP1,1.566382
YNL143C,STE12,0.904371
YNL155W,MSN2,0.344139
YNL155W,RPN4,0.509554
YNL190W,RAP1,0.474193
YNL190W,STE12,0.035424
YNL193W,SOK2,0.952127
YNL200C,RFX1,1.226252
YNL208W,RAP1,11.928199
YNL208W,STE12,11.853996
YNL217W,RAP1,0.465747
YNL217W,YOX1,0.054951
YNL295W,STE12,1.092840
YNR061C,REB1,0.416457
YNR061C,SKO1,1.452533
YOL019W,PHD1,0.466948
YOL029C,PDR1,0.132734
YOL029C,RAP1,0.509637
YOL106W,STE12,0.412677
YOL107W,INO4,0.553038
YOL159C,CIN5,0.196654
YOL159C,RLM1,0.073949
YOL159C,STE12,0.660840
YOR019W,SOK2,0.988760
YOR052C,SOK2,0.052061
YOR052C,SPT23,0.902031
YOR062C,MSN2,0.173799
YOR062C,SOK2,0.306367
YOR082C,STE12,0.423386
YOR093C,INO4,0.043306
YOR093C,YAP1,0.123024
YOR1,PDR1,0.816288
YOR1,STE12,0.591141
YOR131C,STE12,0.586562
YOR152C,YAP1,0.127129
YOR203W,GCN4,0.046459
YOR238W,MSN2,1.152543
YOR248W,MBP1,1.517642
YOR248W,STE12,2.720780
YOR248W,SWI4,8.325980
YOR292C,RAP1,0.425179
YOR296W,STE12,0.527740
YOR302W,GCN4,0.024319
YOR318C,SPT23,0.358507
YOR318C,STE12,0.173022
YOR333C,YRM1,0.845250
YOR342C,MCM1,0.961291
YOR342C,MSN2,0.136002
YOR342C,PDR1,0.459039
YOR342C,TEC1,0.131075
YOR366W,SUM1,0.128638
YOR385W,YAP1,0.199138
YOR390W,ABF1,0.181201
YOX1,SWI4,0.505878
YOX1,SWI6,0.328504
YPI1,RAP1,0.056705
YPI1,RPN4,0.606594
YPL014W,MBP1,0.120121
YPL014W,MSN2,0.233239
YPL014W,SOK2,0.037074
YPL034W,AFT2,0.355163
YPL034W,SFP1,1.217669
YPL067C,STE12,0.635392
YPL068C,CBF1,0.474980
YPL068C,PDR1,0.254005
YPL168W,HSF1,0.236889
YPL199C,IFH1,0.577836
YPL199C,RAP1,0.977227
YPL229W,RAP1,0.232958
YPL247C,MSN2,0.750098
YPP1,HSF1,0.090565
YPP1,YAP1,0.229121
YPR022C,SOK2,0.822685
YPR063C,ABF1,1.621754
YPR063C,MSN2,3.438650
YPR1,CBF1,3.352046
YPR1,SKO1,2.119751
YPR117W,MSN2,1.031930
YPR127W,MSN2,1.387855
YPR172W,ABF1,0.749234
YPR174C,MBP1,0.163885
YPS1,MSN2,0.329219
YPS1,STE12,0.287778
YPS1,SWI4,0.168916
YPS3,SKN7,0.012192
YPS3,STE12,0.493584
YPS3,SWI4,0.284483
YPS6,PDR1,0.160389
YPS6,STE12,0.126772
YPT10,ABF1,0.589578
YRM1,SOK2,0.672154
YRO2,ABF1,-0.219813
YRO2,GCN4,0.026495
YRO2,YAP1,0.076167
YRR1,YAP1,0.169668
YSA1,LEU3,5.887792
YSP1,INO4,0.700289
YSP3,RAP1,0.561618
YSY6,ABF1,10.221317
YTA7,ABF1,0.926078
YTM1,AFT1,1.746526
YVC1,STE12,0.625190
YVC1,TEC1,0.116964
YVH1,DAL82,3.084559
ZDS2,STE12,0.798097
ZEO1,CIN5,0.576100
ZEO1,HSF1,7.070904
ZEO1,PDR1,4.445841
ZEO1,SOK2,2.435582
ZPR1,HSF1,0.524966
ZPR1,YAP1,0.784595
ZRC1,MSN2,0.505670
ZRC1,RAP1,3.645568
ZRG8,CIN5,0.238876
ZRG8,SOK2,0.161399
ZRG8,STE12,0.153432
ZRT1,GCR2,0.115299
ZRT1,MOT3,0.114963
ZRT2,ABF1,0.634144
ZRT2,MCM1,0.626467
ZRT3,ZAP1,5.222676
ZTA1,GCN4,0.036134
ZTA1,RAP1,0.084428
ZWF1,ASH1,-0.012036
ZWF1,CIN5,0.041080
ZWF1,MET4,0.174987
ZWF1,PDR1,1.157113
ZWF1,RAP1,1.171207
ZWF1,YAP1,1.027332
